﻿<?xml version="1.0" encoding="utf-8"?>
<deployment>
  <id>9952d95b-27ae-41ca-92ea-530e176c534a</id>
  <author>N/A</author>
  <deployer>OneDeploy</deployer>
  <authorEmail>N/A</authorEmail>
  <message>OneDeploy</message>
  <progress></progress>
  <status>Success</status>
  <statusText></statusText>
  <lastSuccessEndTime>2025-07-23T06:35:19.5765088Z</lastSuccessEndTime>
  <receivedTime>2025-07-23T06:34:47.6675133Z</receivedTime>
  <startTime>2025-07-23T06:34:48.9010426Z</startTime>
  <endTime>2025-07-23T06:35:19.5765088Z</endTime>
  <complete>True</complete>
  <is_temp>False</is_temp>
  <is_readonly>True</is_readonly>
  <buildSummary />
</deployment>