﻿<?xml version="1.0" encoding="utf-8"?>
<deployment>
  <id>bbd3c925-d81e-42a9-9164-c40b98fe2afb</id>
  <author>N/A</author>
  <deployer>OneDeploy</deployer>
  <authorEmail>N/A</authorEmail>
  <message>OneDeploy</message>
  <progress></progress>
  <status>Success</status>
  <statusText></statusText>
  <lastSuccessEndTime>2025-07-23T03:20:07.295222Z</lastSuccessEndTime>
  <receivedTime>2025-07-23T03:20:01.4632171Z</receivedTime>
  <startTime>2025-07-23T03:20:03.0968211Z</startTime>
  <endTime>2025-07-23T03:20:07.295222Z</endTime>
  <complete>True</complete>
  <is_temp>False</is_temp>
  <is_readonly>True</is_readonly>
  <buildSummary />
</deployment>