﻿<?xml version="1.0" encoding="utf-8"?>
<deployment>
  <id>68f46bba-b229-474e-8d57-12c18de5caf6</id>
  <author>N/A</author>
  <deployer>OneDeploy</deployer>
  <authorEmail>N/A</authorEmail>
  <message>OneDeploy</message>
  <progress></progress>
  <status>Success</status>
  <statusText></statusText>
  <lastSuccessEndTime>2025-07-22T19:24:11.6857316Z</lastSuccessEndTime>
  <receivedTime>2025-07-22T19:21:53.8666287Z</receivedTime>
  <startTime>2025-07-22T19:21:55.1295946Z</startTime>
  <endTime>2025-07-22T19:24:11.6857316Z</endTime>
  <complete>True</complete>
  <is_temp>False</is_temp>
  <is_readonly>True</is_readonly>
  <buildSummary />
</deployment>