﻿<?xml version="1.0" encoding="utf-8"?>
<deployment>
  <id>d582c0d4-262a-4ca9-bb81-2dbf1b041fc7</id>
  <author>N/A</author>
  <deployer>Push-Deployer</deployer>
  <authorEmail>N/A</authorEmail>
  <message>Created via a push deployment</message>
  <progress></progress>
  <status>Success</status>
  <statusText></statusText>
  <lastSuccessEndTime>2025-07-22T22:57:23.1666708Z</lastSuccessEndTime>
  <receivedTime>2025-07-22T22:57:13.5430905Z</receivedTime>
  <startTime>2025-07-22T22:57:15.7846751Z</startTime>
  <endTime>2025-07-22T22:57:23.1666708Z</endTime>
  <complete>True</complete>
  <is_temp>False</is_temp>
  <is_readonly>True</is_readonly>
  <buildSummary />
</deployment>