﻿<?xml version="1.0" encoding="utf-8"?>
<deployment>
  <id>a2454466-38c9-4d22-8b1a-69893b943a84</id>
  <author>N/A</author>
  <deployer>OneDeploy</deployer>
  <authorEmail>N/A</authorEmail>
  <message>OneDeploy</message>
  <progress></progress>
  <status>Success</status>
  <statusText></statusText>
  <lastSuccessEndTime>2025-07-23T05:38:06.5819661Z</lastSuccessEndTime>
  <receivedTime>2025-07-23T05:37:26.0175825Z</receivedTime>
  <startTime>2025-07-23T05:37:27.4190636Z</startTime>
  <endTime>2025-07-23T05:38:06.5819661Z</endTime>
  <complete>True</complete>
  <is_temp>False</is_temp>
  <is_readonly>True</is_readonly>
  <buildSummary />
</deployment>