﻿<?xml version="1.0" encoding="utf-8"?>
<deployment>
  <id>ae42cf0b-6def-4d63-8e1f-740fc0b0a2e8</id>
  <author>N/A</author>
  <deployer>OneDeploy</deployer>
  <authorEmail>N/A</authorEmail>
  <message>OneDeploy</message>
  <progress></progress>
  <status>Success</status>
  <statusText></statusText>
  <lastSuccessEndTime>2025-07-23T06:10:39.5747224Z</lastSuccessEndTime>
  <receivedTime>2025-07-23T06:09:55.3544848Z</receivedTime>
  <startTime>2025-07-23T06:09:56.6455608Z</startTime>
  <endTime>2025-07-23T06:10:39.5747224Z</endTime>
  <complete>True</complete>
  <is_temp>False</is_temp>
  <is_readonly>True</is_readonly>
  <buildSummary />
</deployment>