<step title="Incoming Request" date="2025-07-23T06:35:13.816" instance="74b796" url="/api/deployments/latest?deployer=OneDeploy&amp;time=2025-07-23_06-34-35Z" method="GET" type="request" pid="821,1,40" Host="valor-assist-service.scm.azurewebsites.net" User-Agent="GITHUBACTIONS_DeployWebAppToAzure_cfa43e3b96d4a97bf0e607e1c865cfbe0455f81f4eb5e843a580846dbb9f8090" Authorization="Bas..." Content-Type="application/json; charset=utf-8" Cookie="ARRAffinity=74b7963c2231fc9181263c18d12b2387429a52cfc6b03fb112f3304619705892;Path=/;HttpOnly;Secure;Domain=valor-assist-service.scm.azurewebsites.net; ARRAffinitySameSite=74b7963c2231fc9181263c18d12b2387429a52cfc6b03fb112f3304619705892;Path=/;HttpOnly;SameSite=None;Secure;Domain=valor-assist-service.scm.azurewebsites.net" Content-Length="0" X-ARR-LOG-ID="faf0d8e4-a87b-4ad6-8575-5cb3183cab38" CLIENT-IP="135.232.201.85:8233" X-SITE-DEPLOYMENT-ID="valor-assist-service" WAS-DEFAULT-HOSTNAME="valor-assist-service.scm.azurewebsites.net" X-Forwarded-Proto="https" X-AppService-Proto="https" X-Forwarded-TlsVersion="1.3" X-WAWS-Unencoded-URL="/api/deployments/latest?deployer=OneDeploy&amp;time=2025-07-23_06-34-35Z" X-Client-IP="135.232.201.85" X-Client-Port="8233" >
  <step title="Cleanup Xml Logs" date="2025-07-23T06:35:13.818" >
    <step title="Cleanup Infos" date="2025-07-23T06:35:13.824" totalFiles="267" totalCleanup="107" /><!-- duration: 14ms -->
  </step><!-- duration: 21ms -->
  <step title="DeploymentService.GetResult" date="2025-07-23T06:35:13.842" >
    <step title="DeploymentService.GetLatestDeployment" date="2025-07-23T06:35:13.843" >
      <step title="DeploymentManager.GetResults" date="2025-07-23T06:35:13.845" /><!-- duration: 283ms -->
    </step><!-- duration: 285ms -->
  </step><!-- duration: 288ms -->
  <step title="Outgoing response" date="2025-07-23T06:35:14.142" type="response" statusCode="202" statusText="Accepted" /><!-- duration: 4ms -->
</step><!-- duration: 331ms -->
