<step title="Incoming Request" date="2025-07-23T06:34:51.750" instance="74b796" url="/api/deployments/latest?deployer=OneDeploy&amp;time=2025-07-23_06-34-35Z" method="GET" type="request" pid="821,1,40" Host="valor-assist-service.scm.azurewebsites.net" User-Agent="GITHUBACTIONS_DeployWebAppToAzure_cfa43e3b96d4a97bf0e607e1c865cfbe0455f81f4eb5e843a580846dbb9f8090" Authorization="Bas..." Content-Type="application/json; charset=utf-8" Cookie="ARRAffinity=74b7963c2231fc9181263c18d12b2387429a52cfc6b03fb112f3304619705892;Path=/;HttpOnly;Secure;Domain=valor-assist-service.scm.azurewebsites.net; ARRAffinitySameSite=74b7963c2231fc9181263c18d12b2387429a52cfc6b03fb112f3304619705892;Path=/;HttpOnly;SameSite=None;Secure;Domain=valor-assist-service.scm.azurewebsites.net" Content-Length="0" X-ARR-LOG-ID="8f12723a-5539-458a-8dd9-4fb82263a6d9" CLIENT-IP="135.232.201.85:8232" X-SITE-DEPLOYMENT-ID="valor-assist-service" WAS-DEFAULT-HOSTNAME="valor-assist-service.scm.azurewebsites.net" X-Forwarded-Proto="https" X-AppService-Proto="https" X-Forwarded-TlsVersion="1.3" X-WAWS-Unencoded-URL="/api/deployments/latest?deployer=OneDeploy&amp;time=2025-07-23_06-34-35Z" X-Client-IP="135.232.201.85" X-Client-Port="8232" >
  <step title="Cleanup Xml Logs" date="2025-07-23T06:34:51.752" >
    <step title="Cleanup Infos" date="2025-07-23T06:34:51.758" totalFiles="263" totalCleanup="103" /><!-- duration: 1ms -->
  </step><!-- duration: 9ms -->
  <step title="DeploymentService.GetResult" date="2025-07-23T06:34:51.766" >
    <step title="DeploymentService.GetLatestDeployment" date="2025-07-23T06:34:51.767" >
      <step title="DeploymentManager.GetResults" date="2025-07-23T06:34:51.768" /><!-- duration: 312ms -->
    </step><!-- duration: 315ms -->
  </step><!-- duration: 317ms -->
  <step title="Outgoing response" date="2025-07-23T06:34:52.085" type="response" statusCode="202" statusText="Accepted" /><!-- duration: 1ms -->
</step><!-- duration: 338ms -->
