<step title="Incoming Request" date="2025-07-23T06:55:39.651" instance="74b796" url="/api/deployments/latest?deployer=OneDeploy&amp;time=2025-07-23_06-55-11Z" method="GET" type="request" pid="822,1,16" Host="valor-assist-service.scm.azurewebsites.net" User-Agent="GITHUBACTIONS_DeployWebAppToAzure_cfa43e3b96d4a97bf0e607e1c865cfbe0455f81f4eb5e843a580846dbb9f8090" Authorization="Bas..." Content-Type="application/json; charset=utf-8" Cookie="ARRAffinity=74b7963c2231fc9181263c18d12b2387429a52cfc6b03fb112f3304619705892;Path=/;HttpOnly;Secure;Domain=valor-assist-service.scm.azurewebsites.net; ARRAffinitySameSite=74b7963c2231fc9181263c18d12b2387429a52cfc6b03fb112f3304619705892;Path=/;HttpOnly;SameSite=None;Secure;Domain=valor-assist-service.scm.azurewebsites.net" Content-Length="0" X-ARR-LOG-ID="e4d9d0d7-c363-4ee1-9613-c329d394bea0" CLIENT-IP="135.232.176.163:53274" X-SITE-DEPLOYMENT-ID="valor-assist-service" WAS-DEFAULT-HOSTNAME="valor-assist-service.scm.azurewebsites.net" X-Forwarded-Proto="https" X-AppService-Proto="https" X-Forwarded-TlsVersion="1.3" X-WAWS-Unencoded-URL="/api/deployments/latest?deployer=OneDeploy&amp;time=2025-07-23_06-55-11Z" X-Client-IP="135.232.176.163" X-Client-Port="53274" >
  <step title="Cleanup Xml Logs" date="2025-07-23T06:55:39.653" >
    <step title="Cleanup Infos" date="2025-07-23T06:55:39.659" totalFiles="286" totalCleanup="126" /><!-- duration: 1ms -->
  </step><!-- duration: 9ms -->
  <step title="DeploymentService.GetResult" date="2025-07-23T06:55:39.665" >
    <step title="DeploymentService.GetLatestDeployment" date="2025-07-23T06:55:39.674" >
      <step title="DeploymentManager.GetResults" date="2025-07-23T06:55:39.676" /><!-- duration: 394ms -->
    </step><!-- duration: 399ms -->
  </step><!-- duration: 410ms -->
  <step title="Outgoing response" date="2025-07-23T06:55:40.076" type="response" statusCode="202" statusText="Accepted" /><!-- duration: 1ms -->
</step><!-- duration: 428ms -->
