<step title="Incoming Request" date="2025-07-23T06:56:26.015" instance="74b796" url="/api/publish?async=true&amp;deployer=GITHUB_ONE_DEPLOY&amp;type=zip&amp;message=%7B%22type%22%3A%22deployment%22%2C%22sha%22%3A%22608ce6f75634c008f2cf9fbad37d2c05ae7c5fb0%22%2C%22repoName%22%3A%22genregod%2FValorassist%22%2C%22actor%22%3A%22genregod%22%2C%22slotName%22%3A%22production%22%2C%22commitMessage%22%3A%22Add%20Application%20Insights%20integration%20and%20comprehensive%20logging%22%7D" method="POST" type="request" pid="822,1,16" Host="valor-assist-service.scm.azurewebsites.net" User-Agent="GITHUBACTIONS_DeployWebAppToAzure_cfa43e3b96d4a97bf0e607e1c865cfbe0455f81f4eb5e843a580846dbb9f8090" Authorization="Bas..." Content-Type="application/octet-stream" Cookie="ARRAffinity=74b7963c2231fc9181263c18d12b2387429a52cfc6b03fb112f3304619705892;Path=/;HttpOnly;Secure;Domain=valor-assist-service.scm.azurewebsites.net; ARRAffinitySameSite=74b7963c2231fc9181263c18d12b2387429a52cfc6b03fb112f3304619705892;Path=/;HttpOnly;SameSite=None;Secure;Domain=valor-assist-service.scm.azurewebsites.net" Transfer-Encoding="chunked" X-ARR-LOG-ID="94673ad3-5673-459b-bce3-abe2ee17a34c" CLIENT-IP="20.161.30.49:43016" X-SITE-DEPLOYMENT-ID="valor-assist-service" WAS-DEFAULT-HOSTNAME="valor-assist-service.scm.azurewebsites.net" X-Forwarded-Proto="https" X-AppService-Proto="https" X-Forwarded-TlsVersion="1.3" X-WAWS-Unencoded-URL="/api/publish?async=true&amp;deployer=GITHUB_ONE_DEPLOY&amp;type=zip&amp;message=%7B%22type%22%3A%22deployment%22%2C%22sha%22%3A%22608ce6f75634c008f2cf9fbad37d2c05ae7c5fb0%22%2C%22repoName%22%3A%22genregod%2FValorassist%22%2C%22actor%22%3A%22genregod%22%2C%22slotName%22%3A%22production%22%2C%22commitMessage%22%3A%22Add%20Application%20Insights%20integration%20and%20comprehensive%20logging%22%7D" X-Client-IP="20.161.30.49" X-Client-Port="43016" >
  <step title="OneDeploy" date="2025-07-23T06:56:26.058" >
    <step title="Starting PushDeployAsync" date="2025-07-23T06:56:26.084" /><!-- duration: 3ms -->
    <step title="Writing artifact to /tmp/zipdeploy/42b324ac-5dce-4b60-b069-37a49da92610.zip" date="2025-07-23T06:56:26.108" >
      <step title="Writing multipart request body to /tmp/zipdeploy/42b324ac-5dce-4b60-b069-37a49da92610.zip" date="2025-07-23T06:56:26.110" /><!-- duration: 1ms -->
    </step><!-- duration: 3092ms -->
    <step title="Start deployment in the background" date="2025-07-23T06:56:29.218" >
      <step title="Acquiring Deployment Lock" date="2025-07-23T06:56:30.106" /><!-- duration: 3ms -->
      <step title="Cannot Acquire Deployment Lock already held" date="2025-07-23T06:56:30.117" /><!-- duration: 1ms -->
    </step><!-- duration: 957ms -->
    <step title="There is a deployment currently in progress. Please try again when it completes." date="2025-07-23T06:56:30.176" /><!-- duration: 4ms -->
  </step><!-- duration: 4124ms -->
  <step title="Outgoing response" date="2025-07-23T06:56:30.185" type="response" statusCode="409" statusText="Conflict" /><!-- duration: 3ms -->
</step><!-- duration: 4175ms -->
