<step title="Incoming Request" date="2025-07-23T06:34:40.796" instance="74b796" url="/api/deployments/latest?deployer=OneDeploy&amp;time=2025-07-23_06-34-35Z" method="GET" type="request" pid="821,1,35" Host="valor-assist-service.scm.azurewebsites.net" User-Agent="GITHUBACTIONS_DeployWebAppToAzure_cfa43e3b96d4a97bf0e607e1c865cfbe0455f81f4eb5e843a580846dbb9f8090" Authorization="Bas..." Content-Type="application/json; charset=utf-8" Cookie="ARRAffinity=74b7963c2231fc9181263c18d12b2387429a52cfc6b03fb112f3304619705892;Path=/;HttpOnly;Secure;Domain=valor-assist-service.scm.azurewebsites.net; ARRAffinitySameSite=74b7963c2231fc9181263c18d12b2387429a52cfc6b03fb112f3304619705892;Path=/;HttpOnly;SameSite=None;Secure;Domain=valor-assist-service.scm.azurewebsites.net" Content-Length="0" X-ARR-LOG-ID="aa2274f3-978c-4d2e-b083-351b992afee2" CLIENT-IP="135.232.201.85:8233" X-SITE-DEPLOYMENT-ID="valor-assist-service" WAS-DEFAULT-HOSTNAME="valor-assist-service.scm.azurewebsites.net" X-Forwarded-Proto="https" X-AppService-Proto="https" X-Forwarded-TlsVersion="1.3" X-WAWS-Unencoded-URL="/api/deployments/latest?deployer=OneDeploy&amp;time=2025-07-23_06-34-35Z" X-Client-IP="135.232.201.85" X-Client-Port="8233" >
  <step title="Cleanup Xml Logs" date="2025-07-23T06:34:40.800" >
    <step title="Cleanup Infos" date="2025-07-23T06:34:40.816" totalFiles="262" totalCleanup="102" /><!-- duration: 6ms -->
  </step><!-- duration: 25ms -->
  <step title="DeploymentService.GetResult" date="2025-07-23T06:34:40.830" >
    <step title="DeploymentService.GetLatestDeployment" date="2025-07-23T06:34:40.832" >
      <step title="DeploymentManager.GetResults" date="2025-07-23T06:34:40.833" /><!-- duration: 273ms -->
    </step><!-- duration: 276ms -->
  </step><!-- duration: 282ms -->
  <step title="Outgoing response" date="2025-07-23T06:34:41.118" type="response" statusCode="202" statusText="Accepted" /><!-- duration: 1ms -->
</step><!-- duration: 324ms -->
