<step title="BackgroundTrace" date="2025-07-22T22:57:09.265" instance="3c7384" url="/api/zipdeploy" method="POST" >
  <step title="Creating temporary deployment - FetchDeploymentManager" date="2025-07-22T22:57:09.494" /><!-- duration: 9ms -->
  <step title="Creating temporary deployment" date="2025-07-22T22:57:09.521" /><!-- duration: 126ms -->
  <step title="Performing fetch based deployment" date="2025-07-22T22:57:09.771" >
    <step title="Cleaning up temp folders from previous zip deployments and extracting pushed zip file /tmp/zipdeploy/07b4e366-236d-45d4-b0fc-decd3700cc7d.zip (0.20 MB) to /tmp/zipdeploy/extracted" date="2025-07-22T22:57:11.077" >
      <step title="ChmodRecursive Process exited with total time taken in ms: 95" date="2025-07-22T22:57:11.346" /><!-- duration: 9ms -->
    </step><!-- duration: 296ms -->
    <step title="Deployment timer started" date="2025-07-22T22:57:13.396" >
      <step title="DeploymentManager.Deploy(id:d582c0d4-262a-4ca9-bb81-2dbf1b041fc7)" date="2025-07-22T22:57:13.414" >
        <step title="Collecting changeset information" date="2025-07-22T22:57:13.488" /><!-- duration: 130ms -->
        <step title="Updating submodules" date="2025-07-22T22:57:13.628" /><!-- duration: 1251ms -->
        <step title="Determining deployment builder" date="2025-07-22T22:57:15.850" >
          <step title="Builder is BasicBuilder" date="2025-07-22T22:57:15.907" /><!-- duration: 8ms -->
        </step><!-- duration: 74ms -->
        <step title="PreDeployment: context.CleanOutputPath False" date="2025-07-22T22:57:15.973" >
          <step title="PreDeployment: context.OutputPath /home/site/wwwroot" date="2025-07-22T22:57:16.098" >
            <step title="Building" date="2025-07-22T22:57:16.240" >
              <step title="Executing external process" date="2025-07-22T22:57:16.889" type="process" path="starter.sh" arguments="/opt/Kudu/Scripts/parallel_rsync.sh /tmp/zipdeploy/extracted /home/site/wwwroot 8 /tmp/ False True  " /><!-- duration: 5047ms -->
              <step title="Triggering recycle (preview mode disabled)." date="2025-07-22T22:57:22.521" /><!-- duration: 10ms -->
              <step title="Modified file to trigger a restart of the app container." date="2025-07-22T22:57:22.572" /><!-- duration: 19ms -->
              <step title="Skip function trigger and logicapp sync because function is not enabled." date="2025-07-22T22:57:22.625" /><!-- duration: 18ms -->
            </step><!-- duration: 7553ms -->
          </step><!-- duration: 7741ms -->
          <step title="Cleaning up temp files" date="2025-07-22T22:57:23.842" /><!-- duration: 38ms -->
          <step title="Cleaning up temp files" date="2025-07-22T22:57:23.899" /><!-- duration: 520ms -->
          <step title="Reloading status file with latest updates" date="2025-07-22T22:57:24.458" >
            <step title="WebHooksManager.PublishEventAsync: PostDeployment" date="2025-07-22T22:57:24.475" /><!-- duration: 287ms -->
          </step><!-- duration: 313ms -->
          <step title="Cleaning up temporary deployment - fetch deployment was successful" date="2025-07-22T22:57:24.781" /><!-- duration: 3ms -->
        </step><!-- duration: 8930ms -->
      </step><!-- duration: 11539ms -->
