<step title="Incoming Request" date="2025-07-23T04:37:15.368" instance="74b796" url="/api/publish?async=true&amp;deployer=GITHUB_ONE_DEPLOY&amp;type=zip&amp;message=%7B%22type%22%3A%22deployment%22%2C%22sha%22%3A%222564f320b19618f562e5350f5b7df9a20eb814a9%22%2C%22repoName%22%3A%22genregod%2FValorassist%22%2C%22actor%22%3A%22genregod%22%2C%22slotName%22%3A%22production%22%2C%22commitMessage%22%3A%22Improve%20application%20deployment%20and%20fix%20missing%20module%20errors%20on%20Azure%5Cn%5CnConfigures%20Azure%20to%20build%20during%20deployment%20and%20adds%20a%20post-install%20script%20to%20ensure%20dependencies%20are%20correctly%20installed.%5Cn%5CnReplit-Commit-Author%3A%20Agent%5CnReplit-Commit-Session-Id%3A%202c86aebc-12ea-4f8d-a4a8-23abe42802dd%5CnReplit-Commit-Screenshot-Url%3A%20https%3A%2F%2Fstorage.googleapis.com%2Fscreenshot-production-us-central1%2Fb14de2d7-2f4e-499e-b43a-6aa6fc098ed2%2F783bd6a3-afcb-4faf-b987-a78bffe5d07b.jpg%22%7D" method="POST" type="request" pid="821,1,14" Host="valor-assist-service.scm.azurewebsites.net" User-Agent="GITHUBACTIONS_DeployWebAppToAzure_cfa43e3b96d4a97bf0e607e1c865cfbe0455f81f4eb5e843a580846dbb9f8090" Authorization="Bas..." Content-Type="application/octet-stream" Cookie="ARRAffinity=74b7963c2231fc9181263c18d12b2387429a52cfc6b03fb112f3304619705892;Path=/;HttpOnly;Secure;Domain=valor-assist-service.scm.azurewebsites.net; ARRAffinitySameSite=74b7963c2231fc9181263c18d12b2387429a52cfc6b03fb112f3304619705892;Path=/;HttpOnly;SameSite=None;Secure;Domain=valor-assist-service.scm.azurewebsites.net" Transfer-Encoding="chunked" X-ARR-LOG-ID="f352ce95-38e0-4ad0-8005-ead76682edef" CLIENT-IP="68.220.61.193:51208" X-SITE-DEPLOYMENT-ID="valor-assist-service" WAS-DEFAULT-HOSTNAME="valor-assist-service.scm.azurewebsites.net" X-Forwarded-Proto="https" X-AppService-Proto="https" X-Forwarded-TlsVersion="1.3" X-WAWS-Unencoded-URL="/api/publish?async=true&amp;deployer=GITHUB_ONE_DEPLOY&amp;type=zip&amp;message=%7B%22type%22%3A%22deployment%22%2C%22sha%22%3A%222564f320b19618f562e5350f5b7df9a20eb814a9%22%2C%22repoName%22%3A%22genregod%2FValorassist%22%2C%22actor%22%3A%22genregod%22%2C%22slotName%22%3A%22production%22%2C%22commitMessage%22%3A%22Improve%20application%20deployment%20and%20fix%20missing%20module%20errors%20on%20Azure%5Cn%5CnConfigures%20Azure%20to%20build%20during%20deployment%20and%20adds%20a%20post-install%20script%20to%20ensure%20dependencies%20are%20correctly%20installed.%5Cn%5CnReplit-Commit-Author%3A%20Agent%5CnReplit-Commit-Session-Id%3A%202c86aebc-12ea-4f8d-a4a8-23abe42802dd%5CnReplit-Commit-Screenshot-Url%3A%20https%3A%2F%2Fstorage.googleapis.com%2Fscreenshot-production-us-central1%2Fb14de2d7-2f4e-499e-b43a-6aa6fc098ed2%2F783bd6a3-afcb-4faf-b987-a78bffe5d07b.jpg%22%7D" X-Client-IP="68.220.61.193" X-Client-Port="51208" >
  <step title="OneDeploy" date="2025-07-23T04:37:15.389" >
    <step title="None repository commit" date="2025-07-23T04:37:15.409" >
      <step title="Commit id: 1a9ac0b9-4b4a-4d21-9bc2-a0774bbad3da" date="2025-07-23T04:37:15.411" Message="N/A" AuthorName="N/A" AuthorEmail="N/A" /><!-- duration: 1ms -->
    </step><!-- duration: 5ms -->
    <step title="Starting PushDeployAsync" date="2025-07-23T04:37:15.416" /><!-- duration: 2ms -->
    <step title="Writing artifact to /tmp/zipdeploy/8417f851-7407-4f69-a722-7ce3ce8152f8.zip" date="2025-07-23T04:37:15.427" >
      <step title="Writing multipart request body to /tmp/zipdeploy/8417f851-7407-4f69-a722-7ce3ce8152f8.zip" date="2025-07-23T04:37:15.429" /><!-- duration: 1ms -->
    </step><!-- duration: 67ms -->
    <step title="Start deployment in the background" date="2025-07-23T04:37:15.500" >
      <step title="Acquiring Deployment Lock" date="2025-07-23T04:37:15.510" /><!-- duration: 1ms -->
      <step title="Acquired Deployment Lock" date="2025-07-23T04:37:15.541" /><!-- duration: 2ms -->
    </step><!-- duration: 96ms -->
  </step><!-- duration: 211ms -->
  <step title="Outgoing response" date="2025-07-23T04:37:15.606" type="response" statusCode="202" statusText="Accepted" /><!-- duration: 1ms -->
</step><!-- duration: 241ms -->
