<step title="Incoming Request" date="2025-07-23T06:56:25.392" instance="74b796" url="/api/deployments/latest?deployer=OneDeploy&amp;time=2025-07-23_06-55-11Z" method="GET" type="request" pid="822,1,17" Host="valor-assist-service.scm.azurewebsites.net" User-Agent="GITHUBACTIONS_DeployWebAppToAzure_cfa43e3b96d4a97bf0e607e1c865cfbe0455f81f4eb5e843a580846dbb9f8090" Authorization="Bas..." Content-Type="application/json; charset=utf-8" Cookie="ARRAffinity=74b7963c2231fc9181263c18d12b2387429a52cfc6b03fb112f3304619705892;Path=/;HttpOnly;Secure;Domain=valor-assist-service.scm.azurewebsites.net; ARRAffinitySameSite=74b7963c2231fc9181263c18d12b2387429a52cfc6b03fb112f3304619705892;Path=/;HttpOnly;SameSite=None;Secure;Domain=valor-assist-service.scm.azurewebsites.net" Content-Length="0" X-ARR-LOG-ID="21e44a42-f410-4c5d-a622-e138f45bc00c" CLIENT-IP="135.232.176.163:53274" X-SITE-DEPLOYMENT-ID="valor-assist-service" WAS-DEFAULT-HOSTNAME="valor-assist-service.scm.azurewebsites.net" X-Forwarded-Proto="https" X-AppService-Proto="https" X-Forwarded-TlsVersion="1.3" X-WAWS-Unencoded-URL="/api/deployments/latest?deployer=OneDeploy&amp;time=2025-07-23_06-55-11Z" X-Client-IP="135.232.176.163" X-Client-Port="53274" >
  <step title="Cleanup Xml Logs" date="2025-07-23T06:56:25.393" >
    <step title="Cleanup Infos" date="2025-07-23T06:56:25.410" totalFiles="296" totalCleanup="136" /><!-- duration: 2ms -->
  </step><!-- duration: 20ms -->
  <step title="DeploymentService.GetResult" date="2025-07-23T06:56:25.424" >
    <step title="DeploymentService.GetLatestDeployment" date="2025-07-23T06:56:25.435" >
      <step title="DeploymentManager.GetResults" date="2025-07-23T06:56:25.441" /><!-- duration: 465ms -->
    </step><!-- duration: 474ms -->
  </step><!-- duration: 499ms -->
  <step title="Outgoing response" date="2025-07-23T06:56:25.928" type="response" statusCode="202" statusText="Accepted" /><!-- duration: 8ms -->
</step><!-- duration: 547ms -->
