<step title="Incoming Request" date="2025-07-23T06:34:32.533" instance="74b796" url="/api/publish?async=true&amp;deployer=GITHUB_ONE_DEPLOY&amp;type=zip&amp;message=%7B%22type%22%3A%22deployment%22%2C%22sha%22%3A%221236f370b587814dd83abfaa16b025db8028ef8d%22%2C%22repoName%22%3A%22genregod%2FValorassist%22%2C%22actor%22%3A%22genregod%22%2C%22slotName%22%3A%22production%22%2C%22commitMessage%22%3A%22Enable%20the%20backend%20server%20to%20start%20and%20serve%20the%20website%20correctly%5Cn%5CnRefactor%20server.js%20to%20ES%20module%20syntax%2C%20add%20port%20configuration%2C%20and%20include%20polyfills.%5Cn%5CnReplit-Commit-Author%3A%20Agent%5CnReplit-Commit-Session-Id%3A%202c86aebc-12ea-4f8d-a4a8-23abe42802dd%5CnReplit-Commit-Screenshot-Url%3A%20https%3A%2F%2Fstorage.googleapis.com%2Fscreenshot-production-us-central1%2Fb14de2d7-2f4e-499e-b43a-6aa6fc098ed2%2F783bd6a3-afcb-4faf-b987-a78bffe5d07b.jpg%22%7D" method="POST" type="request" pid="821,1,40" Host="valor-assist-service.scm.azurewebsites.net" User-Agent="GITHUBACTIONS_DeployWebAppToAzure_cfa43e3b96d4a97bf0e607e1c865cfbe0455f81f4eb5e843a580846dbb9f8090" Authorization="Bas..." Content-Type="application/octet-stream" Cookie="ARRAffinity=74b7963c2231fc9181263c18d12b2387429a52cfc6b03fb112f3304619705892;Path=/;HttpOnly;Secure;Domain=valor-assist-service.scm.azurewebsites.net; ARRAffinitySameSite=74b7963c2231fc9181263c18d12b2387429a52cfc6b03fb112f3304619705892;Path=/;HttpOnly;SameSite=None;Secure;Domain=valor-assist-service.scm.azurewebsites.net" Transfer-Encoding="chunked" X-ARR-LOG-ID="22446224-6d9b-4141-a956-156ce97da680" CLIENT-IP="135.232.201.85:8232" X-SITE-DEPLOYMENT-ID="valor-assist-service" WAS-DEFAULT-HOSTNAME="valor-assist-service.scm.azurewebsites.net" X-Forwarded-Proto="https" X-AppService-Proto="https" X-Forwarded-TlsVersion="1.3" X-WAWS-Unencoded-URL="/api/publish?async=true&amp;deployer=GITHUB_ONE_DEPLOY&amp;type=zip&amp;message=%7B%22type%22%3A%22deployment%22%2C%22sha%22%3A%221236f370b587814dd83abfaa16b025db8028ef8d%22%2C%22repoName%22%3A%22genregod%2FValorassist%22%2C%22actor%22%3A%22genregod%22%2C%22slotName%22%3A%22production%22%2C%22commitMessage%22%3A%22Enable%20the%20backend%20server%20to%20start%20and%20serve%20the%20website%20correctly%5Cn%5CnRefactor%20server.js%20to%20ES%20module%20syntax%2C%20add%20port%20configuration%2C%20and%20include%20polyfills.%5Cn%5CnReplit-Commit-Author%3A%20Agent%5CnReplit-Commit-Session-Id%3A%202c86aebc-12ea-4f8d-a4a8-23abe42802dd%5CnReplit-Commit-Screenshot-Url%3A%20https%3A%2F%2Fstorage.googleapis.com%2Fscreenshot-production-us-central1%2Fb14de2d7-2f4e-499e-b43a-6aa6fc098ed2%2F783bd6a3-afcb-4faf-b987-a78bffe5d07b.jpg%22%7D" X-Client-IP="135.232.201.85" X-Client-Port="8232" >
  <step title="Cleanup Xml Logs" date="2025-07-23T06:34:32.536" >
    <step title="Cleanup Infos" date="2025-07-23T06:34:32.548" totalFiles="259" totalCleanup="99" /><!-- duration: 4ms -->
  </step><!-- duration: 18ms -->
  <step title="OneDeploy" date="2025-07-23T06:34:32.559" >
    <step title="Starting PushDeployAsync" date="2025-07-23T06:34:32.563" /><!-- duration: 1ms -->
    <step title="Writing artifact to /tmp/zipdeploy/4c4024da-46d5-4908-a88e-befe6e7574fc.zip" date="2025-07-23T06:34:32.571" >
      <step title="Writing multipart request body to /tmp/zipdeploy/4c4024da-46d5-4908-a88e-befe6e7574fc.zip" date="2025-07-23T06:34:32.573" /><!-- duration: 1ms -->
    </step><!-- duration: 2360ms -->
    <step title="Removing previous build artifact&apos;s manifest file" date="2025-07-23T06:34:34.936" >
      <step title="Start deployment in the background" date="2025-07-23T06:34:34.953" >
        <step title="Acquiring Deployment Lock" date="2025-07-23T06:34:34.983" /><!-- duration: 1ms -->
        <step title="Acquired Deployment Lock" date="2025-07-23T06:34:35.003" /><!-- duration: 1ms -->
      </step><!-- duration: 121ms -->
    </step><!-- duration: 140ms -->
    <step title="Outgoing response" date="2025-07-23T06:34:35.077" type="response" statusCode="202" statusText="Accepted" /><!-- duration: 1ms -->
  </step><!-- duration: 2520ms -->
