<step title="Incoming Request" date="2025-07-23T05:26:31.947" instance="74b796" url="/api/publish?async=true&amp;deployer=GITHUB_ONE_DEPLOY&amp;type=zip&amp;message=%7B%22type%22%3A%22deployment%22%2C%22sha%22%3A%22b69f89b60abe82c980269621dfa3fbeb0613b886%22%2C%22repoName%22%3A%22genregod%2FValorassist%22%2C%22actor%22%3A%22genregod%22%2C%22slotName%22%3A%22production%22%2C%22commitMessage%22%3A%22Update%20main_valor-assist-service.yml%22%7D" method="POST" type="request" pid="821,1,3" Host="valor-assist-service.scm.azurewebsites.net" User-Agent="GITHUBACTIONS_DeployWebAppToAzure_cfa43e3b96d4a97bf0e607e1c865cfbe0455f81f4eb5e843a580846dbb9f8090" Authorization="Bas..." Content-Type="application/octet-stream" Cookie="ARRAffinity=74b7963c2231fc9181263c18d12b2387429a52cfc6b03fb112f3304619705892;Path=/;HttpOnly;Secure;Domain=valor-assist-service.scm.azurewebsites.net; ARRAffinitySameSite=74b7963c2231fc9181263c18d12b2387429a52cfc6b03fb112f3304619705892;Path=/;HttpOnly;SameSite=None;Secure;Domain=valor-assist-service.scm.azurewebsites.net" Transfer-Encoding="chunked" X-ARR-LOG-ID="de5812fb-e9bb-46ac-90ee-c2096331e57b" CLIENT-IP="52.157.2.242:44032" X-SITE-DEPLOYMENT-ID="valor-assist-service" WAS-DEFAULT-HOSTNAME="valor-assist-service.scm.azurewebsites.net" X-Forwarded-Proto="https" X-AppService-Proto="https" X-Forwarded-TlsVersion="1.3" X-WAWS-Unencoded-URL="/api/publish?async=true&amp;deployer=GITHUB_ONE_DEPLOY&amp;type=zip&amp;message=%7B%22type%22%3A%22deployment%22%2C%22sha%22%3A%22b69f89b60abe82c980269621dfa3fbeb0613b886%22%2C%22repoName%22%3A%22genregod%2FValorassist%22%2C%22actor%22%3A%22genregod%22%2C%22slotName%22%3A%22production%22%2C%22commitMessage%22%3A%22Update%20main_valor-assist-service.yml%22%7D" X-Client-IP="52.157.2.242" X-Client-Port="44032" >
  <step title="Cleanup Xml Logs" date="2025-07-23T05:26:31.949" /><!-- duration: 7ms -->
  <step title="OneDeploy" date="2025-07-23T05:26:31.961" >
    <step title="Starting PushDeployAsync" date="2025-07-23T05:26:31.966" /><!-- duration: 2ms -->
    <step title="Writing artifact to /tmp/zipdeploy/fc478d09-5dd3-42ec-ae8a-77ba57e3b0c8.zip" date="2025-07-23T05:26:31.975" >
      <step title="Writing multipart request body to /tmp/zipdeploy/fc478d09-5dd3-42ec-ae8a-77ba57e3b0c8.zip" date="2025-07-23T05:26:31.984" /><!-- duration: 3ms -->
    </step><!-- duration: 155ms -->
    <step title="Start deployment in the background" date="2025-07-23T05:26:32.138" >
      <step title="Acquiring Deployment Lock" date="2025-07-23T05:26:32.147" /><!-- duration: 2ms -->
      <step title="Acquired Deployment Lock" date="2025-07-23T05:26:32.181" /><!-- duration: 2ms -->
    </step><!-- duration: 132ms -->
  </step><!-- duration: 317ms -->
  <step title="Outgoing response" date="2025-07-23T05:26:32.283" type="response" statusCode="202" statusText="Accepted" /><!-- duration: 5ms -->
</step><!-- duration: 344ms -->
