<step title="Incoming Request" date="2025-07-23T04:21:18.923" instance="74b796" url="/api/publish?async=true&amp;deployer=GITHUB_ONE_DEPLOY&amp;type=zip&amp;message=%7B%22type%22%3A%22deployment%22%2C%22sha%22%3A%221c3cebebb7fd5e38c7d48b99a883d72de8a1e911%22%2C%22repoName%22%3A%22genregod%2FValorassist%22%2C%22actor%22%3A%22genregod%22%2C%22slotName%22%3A%22production%22%2C%22commitMessage%22%3A%22Improve%20deployment%20process%20by%20cleaning%20up%20files%20and%20configuring%20app%20settings%5Cn%5CnRefactors%20the%20GitHub%20Actions%20workflow%20to%20clean%20up%20unnecessary%20files%2C%20update%20zip%20artifact%20exclusions%2C%20configure%20WEBSITE_NODE_DEFAULT_VERSION%2C%20and%20migrate%20from%20azure-deploy.json%20to%20deploy.cmd.%5Cn%5CnReplit-Commit-Author%3A%20Agent%5CnReplit-Commit-Session-Id%3A%202c86aebc-12ea-4f8d-a4a8-23abe42802dd%5CnReplit-Commit-Screenshot-Url%3A%20https%3A%2F%2Fstorage.googleapis.com%2Fscreenshot-production-us-central1%2Fb14de2d7-2f4e-499e-b43a-6aa6fc098ed2%2F783bd6a3-afcb-4faf-b987-a78bffe5d07b.jpg%22%7D" method="POST" type="request" pid="821,1,20" Host="valor-assist-service.scm.azurewebsites.net" User-Agent="GITHUBACTIONS_DeployWebAppToAzure_cfa43e3b96d4a97bf0e607e1c865cfbe0455f81f4eb5e843a580846dbb9f8090" Authorization="Bas..." Content-Type="application/octet-stream" Cookie="ARRAffinity=74b7963c2231fc9181263c18d12b2387429a52cfc6b03fb112f3304619705892;Path=/;HttpOnly;Secure;Domain=valor-assist-service.scm.azurewebsites.net; ARRAffinitySameSite=74b7963c2231fc9181263c18d12b2387429a52cfc6b03fb112f3304619705892;Path=/;HttpOnly;SameSite=None;Secure;Domain=valor-assist-service.scm.azurewebsites.net" Transfer-Encoding="chunked" X-ARR-LOG-ID="ca4f1d14-0fe6-4b57-b0c6-26c5d3875e69" CLIENT-IP="52.190.183.83:26648" X-SITE-DEPLOYMENT-ID="valor-assist-service" WAS-DEFAULT-HOSTNAME="valor-assist-service.scm.azurewebsites.net" X-Forwarded-Proto="https" X-AppService-Proto="https" X-Forwarded-TlsVersion="1.3" X-WAWS-Unencoded-URL="/api/publish?async=true&amp;deployer=GITHUB_ONE_DEPLOY&amp;type=zip&amp;message=%7B%22type%22%3A%22deployment%22%2C%22sha%22%3A%221c3cebebb7fd5e38c7d48b99a883d72de8a1e911%22%2C%22repoName%22%3A%22genregod%2FValorassist%22%2C%22actor%22%3A%22genregod%22%2C%22slotName%22%3A%22production%22%2C%22commitMessage%22%3A%22Improve%20deployment%20process%20by%20cleaning%20up%20files%20and%20configuring%20app%20settings%5Cn%5CnRefactors%20the%20GitHub%20Actions%20workflow%20to%20clean%20up%20unnecessary%20files%2C%20update%20zip%20artifact%20exclusions%2C%20configure%20WEBSITE_NODE_DEFAULT_VERSION%2C%20and%20migrate%20from%20azure-deploy.json%20to%20deploy.cmd.%5Cn%5CnReplit-Commit-Author%3A%20Agent%5CnReplit-Commit-Session-Id%3A%202c86aebc-12ea-4f8d-a4a8-23abe42802dd%5CnReplit-Commit-Screenshot-Url%3A%20https%3A%2F%2Fstorage.googleapis.com%2Fscreenshot-production-us-central1%2Fb14de2d7-2f4e-499e-b43a-6aa6fc098ed2%2F783bd6a3-afcb-4faf-b987-a78bffe5d07b.jpg%22%7D" X-Client-IP="52.190.183.83" X-Client-Port="26648" >
  <step title="OneDeploy" date="2025-07-23T04:21:18.944" >
    <step title="None repository commit" date="2025-07-23T04:21:18.951" >
      <step title="Commit id: 8f7c36d5-bce8-432d-9e81-c192d5fc97c7" date="2025-07-23T04:21:18.953" Message="N/A" AuthorName="N/A" AuthorEmail="N/A" /><!-- duration: 1ms -->
    </step><!-- duration: 4ms -->
    <step title="Starting PushDeployAsync" date="2025-07-23T04:21:18.957" /><!-- duration: 1ms -->
    <step title="Writing artifact to /tmp/zipdeploy/6e280cf0-334a-4e43-8ad5-f0f760b73f3c.zip" date="2025-07-23T04:21:18.965" >
      <step title="Writing multipart request body to /tmp/zipdeploy/6e280cf0-334a-4e43-8ad5-f0f760b73f3c.zip" date="2025-07-23T04:21:18.968" /><!-- duration: 1ms -->
    </step><!-- duration: 78ms -->
    <step title="Start deployment in the background" date="2025-07-23T04:21:19.056" >
      <step title="Acquiring Deployment Lock" date="2025-07-23T04:21:19.061" /><!-- duration: 1ms -->
      <step title="Acquired Deployment Lock" date="2025-07-23T04:21:19.095" /><!-- duration: 2ms -->
    </step><!-- duration: 77ms -->
  </step><!-- duration: 192ms -->
  <step title="Outgoing response" date="2025-07-23T04:21:19.140" type="response" statusCode="202" statusText="Accepted" /><!-- duration: 14ms -->
</step><!-- duration: 242ms -->
