<step title="Incoming Request" date="2025-07-23T06:55:45.255" instance="74b796" url="/api/deployments/latest?deployer=OneDeploy&amp;time=2025-07-23_06-55-11Z" method="GET" type="request" pid="822,1,16" Host="valor-assist-service.scm.azurewebsites.net" User-Agent="GITHUBACTIONS_DeployWebAppToAzure_cfa43e3b96d4a97bf0e607e1c865cfbe0455f81f4eb5e843a580846dbb9f8090" Authorization="Bas..." Content-Type="application/json; charset=utf-8" Cookie="ARRAffinity=74b7963c2231fc9181263c18d12b2387429a52cfc6b03fb112f3304619705892;Path=/;HttpOnly;Secure;Domain=valor-assist-service.scm.azurewebsites.net; ARRAffinitySameSite=74b7963c2231fc9181263c18d12b2387429a52cfc6b03fb112f3304619705892;Path=/;HttpOnly;SameSite=None;Secure;Domain=valor-assist-service.scm.azurewebsites.net" Content-Length="0" X-ARR-LOG-ID="1c77103c-0622-49c1-9d40-8a3b12a5f4dd" CLIENT-IP="135.232.176.163:53272" X-SITE-DEPLOYMENT-ID="valor-assist-service" WAS-DEFAULT-HOSTNAME="valor-assist-service.scm.azurewebsites.net" X-Forwarded-Proto="https" X-AppService-Proto="https" X-Forwarded-TlsVersion="1.3" X-WAWS-Unencoded-URL="/api/deployments/latest?deployer=OneDeploy&amp;time=2025-07-23_06-55-11Z" X-Client-IP="135.232.176.163" X-Client-Port="53272" >
  <step title="Cleanup Xml Logs" date="2025-07-23T06:55:45.258" >
    <step title="Cleanup Infos" date="2025-07-23T06:55:45.267" totalFiles="287" totalCleanup="127" /><!-- duration: 3ms -->
  </step><!-- duration: 31ms -->
  <step title="DeploymentService.GetResult" date="2025-07-23T06:55:45.297" >
    <step title="DeploymentService.GetLatestDeployment" date="2025-07-23T06:55:45.299" >
      <step title="DeploymentManager.GetResults" date="2025-07-23T06:55:45.301" /><!-- duration: 444ms -->
    </step><!-- duration: 449ms -->
  </step><!-- duration: 453ms -->
  <step title="Outgoing response" date="2025-07-23T06:55:45.752" type="response" statusCode="202" statusText="Accepted" /><!-- duration: 2ms -->
</step><!-- duration: 508ms -->
