<step title="Incoming Request" date="2025-07-23T06:10:23.056" instance="74b796" url="/api/deployments/latest?deployer=OneDeploy&amp;time=2025-07-23_06-09-43Z" method="GET" type="request" pid="821,1,27" Host="valor-assist-service.scm.azurewebsites.net" User-Agent="GITHUBACTIONS_DeployWebAppToAzure_cfa43e3b96d4a97bf0e607e1c865cfbe0455f81f4eb5e843a580846dbb9f8090" Authorization="Bas..." Content-Type="application/json; charset=utf-8" Cookie="ARRAffinity=74b7963c2231fc9181263c18d12b2387429a52cfc6b03fb112f3304619705892;Path=/;HttpOnly;Secure;Domain=valor-assist-service.scm.azurewebsites.net; ARRAffinitySameSite=74b7963c2231fc9181263c18d12b2387429a52cfc6b03fb112f3304619705892;Path=/;HttpOnly;SameSite=None;Secure;Domain=valor-assist-service.scm.azurewebsites.net" Content-Length="0" X-ARR-LOG-ID="7f7f591a-a5a4-4dd0-9de4-c5371be2e519" CLIENT-IP="52.165.58.33:45065" X-SITE-DEPLOYMENT-ID="valor-assist-service" WAS-DEFAULT-HOSTNAME="valor-assist-service.scm.azurewebsites.net" X-Forwarded-Proto="https" X-AppService-Proto="https" X-Forwarded-TlsVersion="1.3" X-WAWS-Unencoded-URL="/api/deployments/latest?deployer=OneDeploy&amp;time=2025-07-23_06-09-43Z" X-Client-IP="52.165.58.33" X-Client-Port="45065" >
  <step title="Cleanup Xml Logs" date="2025-07-23T06:10:23.057" >
    <step title="Cleanup Infos" date="2025-07-23T06:10:23.063" totalFiles="252" totalCleanup="92" /><!-- duration: 1ms -->
  </step><!-- duration: 8ms -->
  <step title="DeploymentService.GetResult" date="2025-07-23T06:10:23.072" >
    <step title="DeploymentService.GetLatestDeployment" date="2025-07-23T06:10:23.074" >
      <step title="DeploymentManager.GetResults" date="2025-07-23T06:10:23.076" /><!-- duration: 282ms -->
    </step><!-- duration: 284ms -->
  </step><!-- duration: 288ms -->
  <step title="Outgoing response" date="2025-07-23T06:10:23.362" type="response" statusCode="202" statusText="Accepted" /><!-- duration: 9ms -->
</step><!-- duration: 317ms -->
