<step title="BackgroundTrace" date="2025-07-23T05:22:51.949" instance="74b796" url="/api/publish" method="POST" >
  <step title="Creating temporary deployment - FetchDeploymentManager" date="2025-07-23T05:22:51.973" /><!-- duration: 1ms -->
  <step title="Creating temporary deployment" date="2025-07-23T05:22:51.976" /><!-- duration: 33ms -->
  <step title="Performing fetch based deployment" date="2025-07-23T05:22:52.040" >
    <step title="Cleaning up temp folders from previous zip deployments and extracting pushed zip file /tmp/zipdeploy/e42a61c7-46df-4039-bf52-644bcbac6908.zip (0.15 MB) to /tmp/zipdeploy/extracted" date="2025-07-23T05:22:53.117" >
      <step title="ChmodRecursive Process exited with total time taken in ms: 18" date="2025-07-23T05:22:53.153" /><!-- duration: 2ms -->
    </step><!-- duration: 38ms -->
    <step title="Deployment timer started" date="2025-07-23T05:22:55.161" >
      <step title="DeploymentManager.Deploy(id:ed5aa5d8-a3c7-417f-9f81-2b4561a64229)" date="2025-07-23T05:22:55.165" >
        <step title="Collecting changeset information" date="2025-07-23T05:22:55.171" /><!-- duration: 85ms -->
        <step title="Updating submodules" date="2025-07-23T05:22:55.259" /><!-- duration: 1118ms -->
        <step title="Determining deployment builder" date="2025-07-23T05:22:56.579" >
          <step title="Builder is OryxBuilder" date="2025-07-23T05:22:56.587" /><!-- duration: 3ms -->
        </step><!-- duration: 14ms -->
        <step title="PreDeployment: context.CleanOutputPath False" date="2025-07-23T05:22:56.632" >
          <step title="PreDeployment: context.OutputPath /home/site/wwwroot" date="2025-07-23T05:22:56.736" >
            <step title="Building" date="2025-07-23T05:22:56.836" >
              <step title="Executing external process" date="2025-07-23T05:22:57.051" type="process" path="bash" arguments="-c &quot;oryx build /tmp/zipdeploy/extracted -o /home/site/wwwroot --platform nodejs --platform-version 22 -p virtualenv_name= --log-file /tmp/build-debug.log  -i /tmp/8ddc9a8fb666249 -p compress_node_modules=tar-gz | tee /tmp/oryx-build.log ; exit $PIPESTATUS &quot;" >
                <step title="Cpu: npm install(1360,24.000s)+build.sh(1258,0.020s)+oryx(1238,2.090s)+tee(1239,0.000s)+bash(1237,0.000s)=total(26.110s)" date="2025-07-23T05:24:04.105" /><!-- duration: 4ms -->
                <step title="bash: no io activity for 60s, prev-cpu=-1.000s, current-cpu=26.110s" date="2025-07-23T05:24:04.133" /><!-- duration: 2ms -->
                <step title="Process dump" date="2025-07-23T05:24:27.491" exitCode="1" type="processOutput" /><!-- duration: 5ms -->
              </step><!-- duration: 90448ms -->
              <step title="Error occurred" date="2025-07-23T05:24:27.508" type="error" text="npm warn deprecated node-domexception@1.0.0: Use your platform&apos;s native DOMException instead
npm notice
npm notice New major version of npm available! 10.9.2 -&gt; 11.4.2
npm notice Changelog: https://github.com/npm/cli/releases/tag/v11.4.2
npm notice To update run: npm install -g npm@11.4.2
npm notice
x Build failed in 16ms
error during build:
Could not resolve entry module &quot;index.html&quot;.
    at getRollupError (file:///tmp/8ddc9a8fb666249/node_modules/rollup/dist/es/shared/parseAst.js:401:41)
    at error (file:///tmp/8ddc9a8fb666249/node_modules/rollup/dist/es/shared/parseAst.js:397:42)
    at ModuleLoader.loadEntryModule (file:///tmp/8ddc9a8fb666249/node_modules/rollup/dist/es/shared/node-entry.js:21463:20)
    at async Promise.all (index 0)
/bin/bash -c &quot;oryx build /tmp/zipdeploy/extracted -o /home/site/wwwroot --platform nodejs --platform-version 22 -p virtualenv_name= --log-file /tmp/build-debug.log  -i /tmp/8ddc9a8fb666249 -p compress_node_modules=tar-gz | tee /tmp/oryx-build.log ; exit $PIPESTATUS &quot;" stackTrace="   at Kudu.Core.Infrastructure.Executable.ExecuteInternal(ITracer tracer, Func`2 onWriteOutput, Func`2 onWriteError, CancellationToken token, Encoding encoding, String arguments, Object[] args) in /tmp/KuduLite/Kudu.Core/Infrastructure/Executable.cs:line 239
   at Kudu.Core.Infrastructure.Executable.ExecuteWithProgressWriter(ILogger logger, ITracer tracer, CancellationToken token, String arguments, Object[] args) in /tmp/KuduLite/Kudu.Core/Infrastructure/Executable.cs:line 118
   at Kudu.Core.Deployment.Generator.ExternalCommandBuilder.RunCommand(DeploymentContext context, String command, Boolean ignoreManifest, CancellationToken token, String message) in /tmp/KuduLite/Kudu.Core/Deployment/Generator/ExternalCommandBuilder.cs:line 122" /><!-- duration: 2ms -->
              <step title="Error occurred" date="2025-07-23T05:24:27.515" type="error" text="npm warn deprecated node-domexception@1.0.0: Use your platform&apos;s native DOMException instead
npm notice
npm notice New major version of npm available! 10.9.2 -&gt; 11.4.2
npm notice Changelog: https://github.com/npm/cli/releases/tag/v11.4.2
npm notice To update run: npm install -g npm@11.4.2
npm notice
x Build failed in 16ms
error during build:
Could not resolve entry module &quot;index.html&quot;.
    at getRollupError (file:///tmp/8ddc9a8fb666249/node_modules/rollup/dist/es/shared/parseAst.js:401:41)
    at error (file:///tmp/8ddc9a8fb666249/node_modules/rollup/dist/es/shared/parseAst.js:397:42)
    at ModuleLoader.loadEntryModule (file:///tmp/8ddc9a8fb666249/node_modules/rollup/dist/es/shared/node-entry.js:21463:20)
    at async Promise.all (index 0)
/bin/bash -c &quot;oryx build /tmp/zipdeploy/extracted -o /home/site/wwwroot --platform nodejs --platform-version 22 -p virtualenv_name= --log-file /tmp/build-debug.log  -i /tmp/8ddc9a8fb666249 -p compress_node_modules=tar-gz | tee /tmp/oryx-build.log ; exit $PIPESTATUS &quot;" stackTrace="   at Kudu.Core.Infrastructure.Executable.ExecuteInternal(ITracer tracer, Func`2 onWriteOutput, Func`2 onWriteError, CancellationToken token, Encoding encoding, String arguments, Object[] args) in /tmp/KuduLite/Kudu.Core/Infrastructure/Executable.cs:line 239
   at Kudu.Core.Infrastructure.Executable.ExecuteWithProgressWriter(ILogger logger, ITracer tracer, CancellationToken token, String arguments, Object[] args) in /tmp/KuduLite/Kudu.Core/Infrastructure/Executable.cs:line 118
   at Kudu.Core.Deployment.Generator.ExternalCommandBuilder.RunCommand(DeploymentContext context, String command, Boolean ignoreManifest, CancellationToken token, String message) in /tmp/KuduLite/Kudu.Core/Deployment/Generator/ExternalCommandBuilder.cs:line 122
   at Kudu.Core.Deployment.Generator.OryxBuilder.RunBuildCommand(IOryxArguments args, DeploymentContext context, CancellationToken token) in /tmp/KuduLite/Kudu.Core/Deployment/Generator/OryxBuilder.cs:line 282
   at Kudu.Core.Deployment.Generator.OryxBuilder.Build(DeploymentContext context, CancellationToken token) in /tmp/KuduLite/Kudu.Core/Deployment/Generator/OryxBuilder.cs:line 123
   at Kudu.Core.Deployment.DeploymentManager.Build(ChangeSet changeSet, ITracer tracer, IDisposable deployStep, IRepository repository, DeploymentInfoBase deploymentInfo, DeploymentAnalytics deploymentAnalytics, Boolean fullBuildByDefault, CancellationToken cancellationToken) in /tmp/KuduLite/Kudu.Core/Deployment/DeploymentManager.cs:line 771" /><!-- duration: 3ms -->
              <step title="Using GenericDeploymentLogParser" date="2025-07-23T05:24:27.705" /><!-- duration: 2ms -->
              <step title="Purge deployment items" date="2025-07-23T05:24:28.706" >
                <step title="Remove b209fd09-, Failed, received at 07/23/2025 05:22:43" date="2025-07-23T05:24:28.743" /><!-- duration: 4ms -->
              </step><!-- duration: 44ms -->
            </step><!-- duration: 91918ms -->
          </step><!-- duration: 92022ms -->
          <step title="Error occurred" date="2025-07-23T05:24:28.760" type="error" text="npm warn deprecated node-domexception@1.0.0: Use your platform&apos;s native DOMException instead
npm notice
npm notice New major version of npm available! 10.9.2 -&gt; 11.4.2
npm notice Changelog: https://github.com/npm/cli/releases/tag/v11.4.2
npm notice To update run: npm install -g npm@11.4.2
npm notice
x Build failed in 16ms
error during build:
Could not resolve entry module &quot;index.html&quot;.
    at getRollupError (file:///tmp/8ddc9a8fb666249/node_modules/rollup/dist/es/shared/parseAst.js:401:41)
    at error (file:///tmp/8ddc9a8fb666249/node_modules/rollup/dist/es/shared/parseAst.js:397:42)
    at ModuleLoader.loadEntryModule (file:///tmp/8ddc9a8fb666249/node_modules/rollup/dist/es/shared/node-entry.js:21463:20)
    at async Promise.all (index 0)
/bin/bash -c &quot;oryx build /tmp/zipdeploy/extracted -o /home/site/wwwroot --platform nodejs --platform-version 22 -p virtualenv_name= --log-file /tmp/build-debug.log  -i /tmp/8ddc9a8fb666249 -p compress_node_modules=tar-gz | tee /tmp/oryx-build.log ; exit $PIPESTATUS &quot;" stackTrace="   at Kudu.Core.Infrastructure.Executable.ExecuteInternal(ITracer tracer, Func`2 onWriteOutput, Func`2 onWriteError, CancellationToken token, Encoding encoding, String arguments, Object[] args) in /tmp/KuduLite/Kudu.Core/Infrastructure/Executable.cs:line 239
   at Kudu.Core.Infrastructure.Executable.ExecuteWithProgressWriter(ILogger logger, ITracer tracer, CancellationToken token, String arguments, Object[] args) in /tmp/KuduLite/Kudu.Core/Infrastructure/Executable.cs:line 118
   at Kudu.Core.Deployment.Generator.ExternalCommandBuilder.RunCommand(DeploymentContext context, String command, Boolean ignoreManifest, CancellationToken token, String message) in /tmp/KuduLite/Kudu.Core/Deployment/Generator/ExternalCommandBuilder.cs:line 122
   at Kudu.Core.Deployment.Generator.OryxBuilder.RunBuildCommand(IOryxArguments args, DeploymentContext context, CancellationToken token) in /tmp/KuduLite/Kudu.Core/Deployment/Generator/OryxBuilder.cs:line 282
   at Kudu.Core.Deployment.Generator.OryxBuilder.Build(DeploymentContext context, CancellationToken token) in /tmp/KuduLite/Kudu.Core/Deployment/Generator/OryxBuilder.cs:line 123
   at Kudu.Core.Deployment.DeploymentManager.Build(ChangeSet changeSet, ITracer tracer, IDisposable deployStep, IRepository repository, DeploymentInfoBase deploymentInfo, DeploymentAnalytics deploymentAnalytics, Boolean fullBuildByDefault, CancellationToken cancellationToken) in /tmp/KuduLite/Kudu.Core/Deployment/DeploymentManager.cs:line 771
   at Kudu.Core.Deployment.DeploymentManager.Build(ChangeSet changeSet, ITracer tracer, IDisposable deployStep, IRepository repository, DeploymentInfoBase deploymentInfo, DeploymentAnalytics deploymentAnalytics, Boolean fullBuildByDefault, CancellationToken cancellationToken) in /tmp/KuduLite/Kudu.Core/Deployment/DeploymentManager.cs:line 840" /><!-- duration: 3ms -->
          <step title="Cleaning up temp files" date="2025-07-23T05:24:28.800" /><!-- duration: 1332ms -->
          <step title="Cleaning up temp files" date="2025-07-23T05:24:30.137" /><!-- duration: 509ms -->
          <step title="Error occurred" date="2025-07-23T05:24:30.679" type="error" text="npm warn deprecated node-domexception@1.0.0: Use your platform&apos;s native DOMException instead
npm notice
npm notice New major version of npm available! 10.9.2 -&gt; 11.4.2
npm notice Changelog: https://github.com/npm/cli/releases/tag/v11.4.2
npm notice To update run: npm install -g npm@11.4.2
npm notice
x Build failed in 16ms
error during build:
Could not resolve entry module &quot;index.html&quot;.
    at getRollupError (file:///tmp/8ddc9a8fb666249/node_modules/rollup/dist/es/shared/parseAst.js:401:41)
    at error (file:///tmp/8ddc9a8fb666249/node_modules/rollup/dist/es/shared/parseAst.js:397:42)
    at ModuleLoader.loadEntryModule (file:///tmp/8ddc9a8fb666249/node_modules/rollup/dist/es/shared/node-entry.js:21463:20)
    at async Promise.all (index 0)
/bin/bash -c &quot;oryx build /tmp/zipdeploy/extracted -o /home/site/wwwroot --platform nodejs --platform-version 22 -p virtualenv_name= --log-file /tmp/build-debug.log  -i /tmp/8ddc9a8fb666249 -p compress_node_modules=tar-gz | tee /tmp/oryx-build.log ; exit $PIPESTATUS &quot;" stackTrace="   at Kudu.Core.Infrastructure.Executable.ExecuteInternal(ITracer tracer, Func`2 onWriteOutput, Func`2 onWriteError, CancellationToken token, Encoding encoding, String arguments, Object[] args) in /tmp/KuduLite/Kudu.Core/Infrastructure/Executable.cs:line 239
   at Kudu.Core.Infrastructure.Executable.ExecuteWithProgressWriter(ILogger logger, ITracer tracer, CancellationToken token, String arguments, Object[] args) in /tmp/KuduLite/Kudu.Core/Infrastructure/Executable.cs:line 118
   at Kudu.Core.Deployment.Generator.ExternalCommandBuilder.RunCommand(DeploymentContext context, String command, Boolean ignoreManifest, CancellationToken token, String message) in /tmp/KuduLite/Kudu.Core/Deployment/Generator/ExternalCommandBuilder.cs:line 122
   at Kudu.Core.Deployment.Generator.OryxBuilder.RunBuildCommand(IOryxArguments args, DeploymentContext context, CancellationToken token) in /tmp/KuduLite/Kudu.Core/Deployment/Generator/OryxBuilder.cs:line 282
   at Kudu.Core.Deployment.Generator.OryxBuilder.Build(DeploymentContext context, CancellationToken token) in /tmp/KuduLite/Kudu.Core/Deployment/Generator/OryxBuilder.cs:line 123
   at Kudu.Core.Deployment.DeploymentManager.Build(ChangeSet changeSet, ITracer tracer, IDisposable deployStep, IRepository repository, DeploymentInfoBase deploymentInfo, DeploymentAnalytics deploymentAnalytics, Boolean fullBuildByDefault, CancellationToken cancellationToken) in /tmp/KuduLite/Kudu.Core/Deployment/DeploymentManager.cs:line 771
   at Kudu.Core.Deployment.DeploymentManager.Build(ChangeSet changeSet, ITracer tracer, IDisposable deployStep, IRepository repository, DeploymentInfoBase deploymentInfo, DeploymentAnalytics deploymentAnalytics, Boolean fullBuildByDefault, CancellationToken cancellationToken) in /tmp/KuduLite/Kudu.Core/Deployment/DeploymentManager.cs:line 840
   at Kudu.Core.Deployment.DeploymentManager.DeployAsync(IRepository repository, ChangeSet changeSet, String deployer, Boolean clean, DeploymentInfoBase deploymentInfo, Boolean needFileUpdate, Boolean fullBuildByDefault) in /tmp/KuduLite/Kudu.Core/Deployment/DeploymentManager.cs:line 266" /><!-- duration: 4ms -->
        </step><!-- duration: 94056ms -->
        <step title="Reloading status file with latest updates" date="2025-07-23T05:24:30.718" >
          <step title="WebHooksManager.PublishEventAsync: PostDeployment" date="2025-07-23T05:24:30.721" /><!-- duration: 37ms -->
        </step><!-- duration: 52ms -->
        <step title="Error occurred" date="2025-07-23T05:24:30.773" type="error" text="npm warn deprecated node-domexception@1.0.0: Use your platform&apos;s native DOMException instead
npm notice
npm notice New major version of npm available! 10.9.2 -&gt; 11.4.2
npm notice Changelog: https://github.com/npm/cli/releases/tag/v11.4.2
npm notice To update run: npm install -g npm@11.4.2
npm notice
x Build failed in 16ms
error during build:
Could not resolve entry module &quot;index.html&quot;.
    at getRollupError (file:///tmp/8ddc9a8fb666249/node_modules/rollup/dist/es/shared/parseAst.js:401:41)
    at error (file:///tmp/8ddc9a8fb666249/node_modules/rollup/dist/es/shared/parseAst.js:397:42)
    at ModuleLoader.loadEntryModule (file:///tmp/8ddc9a8fb666249/node_modules/rollup/dist/es/shared/node-entry.js:21463:20)
    at async Promise.all (index 0)
/bin/bash -c &quot;oryx build /tmp/zipdeploy/extracted -o /home/site/wwwroot --platform nodejs --platform-version 22 -p virtualenv_name= --log-file /tmp/build-debug.log  -i /tmp/8ddc9a8fb666249 -p compress_node_modules=tar-gz | tee /tmp/oryx-build.log ; exit $PIPESTATUS &quot;" stackTrace="   at Kudu.Core.Infrastructure.Executable.ExecuteInternal(ITracer tracer, Func`2 onWriteOutput, Func`2 onWriteError, CancellationToken token, Encoding encoding, String arguments, Object[] args) in /tmp/KuduLite/Kudu.Core/Infrastructure/Executable.cs:line 239
   at Kudu.Core.Infrastructure.Executable.ExecuteWithProgressWriter(ILogger logger, ITracer tracer, CancellationToken token, String arguments, Object[] args) in /tmp/KuduLite/Kudu.Core/Infrastructure/Executable.cs:line 118
   at Kudu.Core.Deployment.Generator.ExternalCommandBuilder.RunCommand(DeploymentContext context, String command, Boolean ignoreManifest, CancellationToken token, String message) in /tmp/KuduLite/Kudu.Core/Deployment/Generator/ExternalCommandBuilder.cs:line 122
   at Kudu.Core.Deployment.Generator.OryxBuilder.RunBuildCommand(IOryxArguments args, DeploymentContext context, CancellationToken token) in /tmp/KuduLite/Kudu.Core/Deployment/Generator/OryxBuilder.cs:line 282
   at Kudu.Core.Deployment.Generator.OryxBuilder.Build(DeploymentContext context, CancellationToken token) in /tmp/KuduLite/Kudu.Core/Deployment/Generator/OryxBuilder.cs:line 123
   at Kudu.Core.Deployment.DeploymentManager.Build(ChangeSet changeSet, ITracer tracer, IDisposable deployStep, IRepository repository, DeploymentInfoBase deploymentInfo, DeploymentAnalytics deploymentAnalytics, Boolean fullBuildByDefault, CancellationToken cancellationToken) in /tmp/KuduLite/Kudu.Core/Deployment/DeploymentManager.cs:line 771
   at Kudu.Core.Deployment.DeploymentManager.Build(ChangeSet changeSet, ITracer tracer, IDisposable deployStep, IRepository repository, DeploymentInfoBase deploymentInfo, DeploymentAnalytics deploymentAnalytics, Boolean fullBuildByDefault, CancellationToken cancellationToken) in /tmp/KuduLite/Kudu.Core/Deployment/DeploymentManager.cs:line 840
   at Kudu.Core.Deployment.DeploymentManager.DeployAsync(IRepository repository, ChangeSet changeSet, String deployer, Boolean clean, DeploymentInfoBase deploymentInfo, Boolean needFileUpdate, Boolean fullBuildByDefault) in /tmp/KuduLite/Kudu.Core/Deployment/DeploymentManager.cs:line 266" /><!-- duration: 6ms -->
        <step title="Marking deployment as failed and cleaning up the temp deployment" date="2025-07-23T05:24:30.808" /><!-- duration: 3ms -->
      </step><!-- duration: 95732ms -->
      <step title="Error occurred" date="2025-07-23T05:24:30.907" type="error" text="One or more errors occurred. (Deployment failed)" stackTrace="   at System.Threading.Tasks.Task.ThrowIfExceptional(Boolean includeTaskCanceledExceptions)
   at System.Threading.Tasks.Task.Wait(Int32 millisecondsTimeout, CancellationToken cancellationToken)
   at System.Threading.Tasks.Task.Wait()
   at Kudu.Core.Deployment.FetchDeploymentManager.&lt;&gt;c__DisplayClass22_1.&lt;PerformBackgroundDeployment&gt;b__3() in /tmp/KuduLite/Kudu.Core/Deployment/FetchDeploymentManager.cs:line 414
   at Kudu.Contracts.Infrastructure.LockExtensions.TryLockOperation(IOperationLock lockObj, Action operation, String operationName, TimeSpan timeout) in /tmp/KuduLite/Kudu.Contracts/Infrastructure/LockExtensions.cs:line 34
   at Kudu.Contracts.Infrastructure.LockExtensions.LockOperation(IOperationLock lockObj, Action operation, String operationName, TimeSpan timeout) in /tmp/KuduLite/Kudu.Contracts/Infrastructure/LockExtensions.cs:line 46
   at Kudu.Core.Deployment.FetchDeploymentManager.&lt;&gt;c__DisplayClass22_0.&lt;PerformBackgroundDeployment&gt;b__1() in /tmp/KuduLite/Kudu.Core/Deployment/FetchDeploymentManager.cs:line 393" innerText="Deployment failed" innerStackTrace="   at Kudu.Core.Deployment.DeploymentManager.DeployAsync(IRepository repository, ChangeSet changeSet, String deployer, Boolean clean, DeploymentInfoBase deploymentInfo, Boolean needFileUpdate, Boolean fullBuildByDefault) in /tmp/KuduLite/Kudu.Core/Deployment/DeploymentManager.cs:line 307
   at Kudu.Core.Deployment.FetchDeploymentManager.PerformDeployment(DeploymentInfoBase deploymentInfo, IDisposable tempDeployment, ChangeSet tempChangeSet, DeployStatusApiResult updateStatusObj) in /tmp/KuduLite/Kudu.Core/Deployment/FetchDeploymentManager.cs:line 230" /><!-- duration: 2ms -->
    </step><!-- duration: 95751ms -->
