<step title="Incoming Request" date="2025-07-23T06:55:07.533" instance="74b796" url="/api/publish?async=true&amp;deployer=GITHUB_ONE_DEPLOY&amp;type=zip&amp;message=%7B%22type%22%3A%22deployment%22%2C%22sha%22%3A%2273bd6db9fbfec293ba68791d4493fc645c078aef%22%2C%22repoName%22%3A%22genregod%2FValorassist%22%2C%22actor%22%3A%22genregod%22%2C%22slotName%22%3A%22production%22%2C%22commitMessage%22%3A%22Implement%20robust%20logging%20and%20monitoring%20for%20the%20application%20in%20Azure%5Cn%5CnAdds%20scripts%20to%20set%20up%20Log%20Analytics%20Workspace%20and%20Application%20Insights%20for%20comprehensive%20Azure%20monitoring.%5Cn%5CnReplit-Commit-Author%3A%20Agent%5CnReplit-Commit-Session-Id%3A%202c86aebc-12ea-4f8d-a4a8-23abe42802dd%5CnReplit-Commit-Screenshot-Url%3A%20https%3A%2F%2Fstorage.googleapis.com%2Fscreenshot-production-us-central1%2Fb14de2d7-2f4e-499e-b43a-6aa6fc098ed2%2F783bd6a3-afcb-4faf-b987-a78bffe5d07b.jpg%22%7D" method="POST" type="request" pid="822,1,14" Host="valor-assist-service.scm.azurewebsites.net" User-Agent="GITHUBACTIONS_DeployWebAppToAzure_cfa43e3b96d4a97bf0e607e1c865cfbe0455f81f4eb5e843a580846dbb9f8090" Authorization="Bas..." Content-Type="application/octet-stream" Cookie="ARRAffinity=74b7963c2231fc9181263c18d12b2387429a52cfc6b03fb112f3304619705892;Path=/;HttpOnly;Secure;Domain=valor-assist-service.scm.azurewebsites.net; ARRAffinitySameSite=74b7963c2231fc9181263c18d12b2387429a52cfc6b03fb112f3304619705892;Path=/;HttpOnly;SameSite=None;Secure;Domain=valor-assist-service.scm.azurewebsites.net" Transfer-Encoding="chunked" X-ARR-LOG-ID="c9534db5-d4c1-43cf-92de-cef3eb9b673e" CLIENT-IP="135.232.176.163:53272" X-SITE-DEPLOYMENT-ID="valor-assist-service" WAS-DEFAULT-HOSTNAME="valor-assist-service.scm.azurewebsites.net" X-Forwarded-Proto="https" X-AppService-Proto="https" X-Forwarded-TlsVersion="1.3" X-WAWS-Unencoded-URL="/api/publish?async=true&amp;deployer=GITHUB_ONE_DEPLOY&amp;type=zip&amp;message=%7B%22type%22%3A%22deployment%22%2C%22sha%22%3A%2273bd6db9fbfec293ba68791d4493fc645c078aef%22%2C%22repoName%22%3A%22genregod%2FValorassist%22%2C%22actor%22%3A%22genregod%22%2C%22slotName%22%3A%22production%22%2C%22commitMessage%22%3A%22Implement%20robust%20logging%20and%20monitoring%20for%20the%20application%20in%20Azure%5Cn%5CnAdds%20scripts%20to%20set%20up%20Log%20Analytics%20Workspace%20and%20Application%20Insights%20for%20comprehensive%20Azure%20monitoring.%5Cn%5CnReplit-Commit-Author%3A%20Agent%5CnReplit-Commit-Session-Id%3A%202c86aebc-12ea-4f8d-a4a8-23abe42802dd%5CnReplit-Commit-Screenshot-Url%3A%20https%3A%2F%2Fstorage.googleapis.com%2Fscreenshot-production-us-central1%2Fb14de2d7-2f4e-499e-b43a-6aa6fc098ed2%2F783bd6a3-afcb-4faf-b987-a78bffe5d07b.jpg%22%7D" X-Client-IP="135.232.176.163" X-Client-Port="53272" >
  <step title="Cleanup Xml Logs" date="2025-07-23T06:55:07.535" >
    <step title="Cleanup Infos" date="2025-07-23T06:55:07.541" totalFiles="279" totalCleanup="119" /><!-- duration: 4ms -->
  </step><!-- duration: 11ms -->
  <step title="OneDeploy" date="2025-07-23T06:55:07.579" >
    <step title="None repository commit" date="2025-07-23T06:55:07.597" >
      <step title="Commit id: 6c230410-ce4d-41b8-a238-78ff63b6b0a1" date="2025-07-23T06:55:07.599" Message="N/A" AuthorName="N/A" AuthorEmail="N/A" /><!-- duration: 1ms -->
    </step><!-- duration: 4ms -->
    <step title="Starting PushDeployAsync" date="2025-07-23T06:55:07.603" /><!-- duration: 1ms -->
    <step title="Writing artifact to /tmp/zipdeploy/1d0a24a9-bd5e-4743-9d91-ea83f6d2abb5.zip" date="2025-07-23T06:55:07.610" >
      <step title="Writing multipart request body to /tmp/zipdeploy/1d0a24a9-bd5e-4743-9d91-ea83f6d2abb5.zip" date="2025-07-23T06:55:07.620" /><!-- duration: 1ms -->
    </step><!-- duration: 3113ms -->
    <step title="Removing previous build artifact&apos;s manifest file" date="2025-07-23T06:55:10.728" >
      <step title="Start deployment in the background" date="2025-07-23T06:55:11.280" >
        <step title="Acquiring Deployment Lock" date="2025-07-23T06:55:11.295" /><!-- duration: 1ms -->
        <step title="Acquired Deployment Lock" date="2025-07-23T06:55:11.331" /><!-- duration: 2ms -->
      </step><!-- duration: 107ms -->
    </step><!-- duration: 662ms -->
    <step title="Outgoing response" date="2025-07-23T06:55:11.395" type="response" statusCode="202" statusText="Accepted" /><!-- duration: 1ms -->
  </step><!-- duration: 3818ms -->
