<step title="Incoming Request" date="2025-07-23T05:19:53.760" instance="74b796" url="/api/publish?async=true&amp;deployer=GITHUB_ONE_DEPLOY&amp;type=zip&amp;message=%7B%22type%22%3A%22deployment%22%2C%22sha%22%3A%223df31a80e9ddc45292de9b74d3768d570ac04c24%22%2C%22repoName%22%3A%22genregod%2FValorassist%22%2C%22actor%22%3A%22genregod%22%2C%22slotName%22%3A%22production%22%2C%22commitMessage%22%3A%22Update%20main_valor-assist-service.yml%22%7D" method="POST" type="request" pid="821,1,14" Host="valor-assist-service.scm.azurewebsites.net" User-Agent="GITHUBACTIONS_DeployWebAppToAzure_cfa43e3b96d4a97bf0e607e1c865cfbe0455f81f4eb5e843a580846dbb9f8090" Authorization="Bas..." Content-Type="application/octet-stream" Cookie="ARRAffinity=74b7963c2231fc9181263c18d12b2387429a52cfc6b03fb112f3304619705892;Path=/;HttpOnly;Secure;Domain=valor-assist-service.scm.azurewebsites.net; ARRAffinitySameSite=74b7963c2231fc9181263c18d12b2387429a52cfc6b03fb112f3304619705892;Path=/;HttpOnly;SameSite=None;Secure;Domain=valor-assist-service.scm.azurewebsites.net" Transfer-Encoding="chunked" X-ARR-LOG-ID="55114de9-cb6a-468b-81e1-ca594a1db010" CLIENT-IP="52.159.245.144:54272" X-SITE-DEPLOYMENT-ID="valor-assist-service" WAS-DEFAULT-HOSTNAME="valor-assist-service.scm.azurewebsites.net" X-Forwarded-Proto="https" X-AppService-Proto="https" X-Forwarded-TlsVersion="1.3" X-WAWS-Unencoded-URL="/api/publish?async=true&amp;deployer=GITHUB_ONE_DEPLOY&amp;type=zip&amp;message=%7B%22type%22%3A%22deployment%22%2C%22sha%22%3A%223df31a80e9ddc45292de9b74d3768d570ac04c24%22%2C%22repoName%22%3A%22genregod%2FValorassist%22%2C%22actor%22%3A%22genregod%22%2C%22slotName%22%3A%22production%22%2C%22commitMessage%22%3A%22Update%20main_valor-assist-service.yml%22%7D" X-Client-IP="52.159.245.144" X-Client-Port="54272" >
  <step title="OneDeploy" date="2025-07-23T05:19:53.765" >
    <step title="Starting PushDeployAsync" date="2025-07-23T05:19:53.786" /><!-- duration: 2ms -->
    <step title="Writing artifact to /tmp/zipdeploy/e1f73885-dcdd-4504-aed6-f98267c9e0ba.zip" date="2025-07-23T05:19:53.797" >
      <step title="Writing multipart request body to /tmp/zipdeploy/e1f73885-dcdd-4504-aed6-f98267c9e0ba.zip" date="2025-07-23T05:19:53.800" /><!-- duration: 2ms -->
    </step><!-- duration: 103ms -->
    <step title="Start deployment in the background" date="2025-07-23T05:19:53.904" >
      <step title="Acquiring Deployment Lock" date="2025-07-23T05:19:53.909" /><!-- duration: 2ms -->
      <step title="Cannot Acquire Deployment Lock already held" date="2025-07-23T05:19:53.913" /><!-- duration: 1ms -->
    </step><!-- duration: 43ms -->
    <step title="There is a deployment currently in progress. Please try again when it completes." date="2025-07-23T05:19:53.949" /><!-- duration: 1ms -->
  </step><!-- duration: 186ms -->
  <step title="Outgoing response" date="2025-07-23T05:19:53.953" type="response" statusCode="409" statusText="Conflict" /><!-- duration: 1ms -->
</step><!-- duration: 197ms -->
