<step title="Incoming Request" date="2025-07-23T06:10:28.574" instance="74b796" url="/api/deployments/latest?deployer=OneDeploy&amp;time=2025-07-23_06-09-43Z" method="GET" type="request" pid="821,1,21" Host="valor-assist-service.scm.azurewebsites.net" User-Agent="GITHUBACTIONS_DeployWebAppToAzure_cfa43e3b96d4a97bf0e607e1c865cfbe0455f81f4eb5e843a580846dbb9f8090" Authorization="Bas..." Content-Type="application/json; charset=utf-8" Cookie="ARRAffinity=74b7963c2231fc9181263c18d12b2387429a52cfc6b03fb112f3304619705892;Path=/;HttpOnly;Secure;Domain=valor-assist-service.scm.azurewebsites.net; ARRAffinitySameSite=74b7963c2231fc9181263c18d12b2387429a52cfc6b03fb112f3304619705892;Path=/;HttpOnly;SameSite=None;Secure;Domain=valor-assist-service.scm.azurewebsites.net" Content-Length="0" X-ARR-LOG-ID="a15a02cf-9789-4081-b839-3ae9b831da59" CLIENT-IP="52.165.58.33:45066" X-SITE-DEPLOYMENT-ID="valor-assist-service" WAS-DEFAULT-HOSTNAME="valor-assist-service.scm.azurewebsites.net" X-Forwarded-Proto="https" X-AppService-Proto="https" X-Forwarded-TlsVersion="1.3" X-WAWS-Unencoded-URL="/api/deployments/latest?deployer=OneDeploy&amp;time=2025-07-23_06-09-43Z" X-Client-IP="52.165.58.33" X-Client-Port="45066" >
  <step title="Cleanup Xml Logs" date="2025-07-23T06:10:28.577" >
    <step title="Cleanup Infos" date="2025-07-23T06:10:28.603" totalFiles="253" totalCleanup="93" /><!-- duration: 2ms -->
  </step><!-- duration: 29ms -->
  <step title="DeploymentService.GetResult" date="2025-07-23T06:10:28.612" >
    <step title="DeploymentService.GetLatestDeployment" date="2025-07-23T06:10:28.614" >
      <step title="DeploymentManager.GetResults" date="2025-07-23T06:10:28.616" /><!-- duration: 322ms -->
    </step><!-- duration: 326ms -->
  </step><!-- duration: 330ms -->
  <step title="Outgoing response" date="2025-07-23T06:10:28.945" type="response" statusCode="202" statusText="Accepted" /><!-- duration: 2ms -->
</step><!-- duration: 375ms -->
