<step title="Incoming Request" date="2025-07-22T22:57:08.276" instance="3c7384" url="/api/zipdeploy?isAsync=true" method="POST" type="request" pid="768,1,44" Accept="*/*" Host="valor-assist-service.scm.azurewebsites.net" User-Agent="AZURECLI/2.60.0 (PIP)" Accept-Encoding="gzip, deflate, br" Authorization="Bas..." Cache-Control="no-cache" Content-Type="application/octet-stream" Content-Length="213561" x-ms-client-request-id="2d9a4e61-674f-11f0-b827-ef1cf4c64d09" X-ARR-LOG-ID="2d9a4e61-674f-11f0-b827-ef1cf4c64d09" CLIENT-IP="34.74.124.181:56618" X-SITE-DEPLOYMENT-ID="valor-assist-service" WAS-DEFAULT-HOSTNAME="valor-assist-service.scm.azurewebsites.net" X-Forwarded-Proto="https" X-AppService-Proto="https" X-Forwarded-TlsVersion="1.3" X-WAWS-Unencoded-URL="/api/zipdeploy?isAsync=true" X-Client-IP="34.74.124.181" X-Client-Port="56618" >
  <step title="Cleanup Xml Logs" date="2025-07-22T22:57:08.280" /><!-- duration: 4ms -->
  <step title="ZipPushDeploy" date="2025-07-22T22:57:08.355" >
    <step title="ZipDeploy. Extract zip." date="2025-07-22T22:57:08.373" /><!-- duration: 2ms -->
    <step title="None repository commit" date="2025-07-22T22:57:08.384" >
      <step title="Commit id: d582c0d4-262a-4ca9-bb81-2dbf1b041fc7" date="2025-07-22T22:57:08.387" Message="N/A" AuthorName="N/A" AuthorEmail="N/A" /><!-- duration: 2ms -->
    </step><!-- duration: 8ms -->
    <step title="Starting PushDeployAsync" date="2025-07-22T22:57:08.396" /><!-- duration: 2ms -->
    <step title="Removing node_modules symlink" date="2025-07-22T22:57:08.595" >
      <step title="Removing _del_node_modules symlink" date="2025-07-22T22:57:08.779" >
        <step title="Writing artifact to /tmp/zipdeploy/07b4e366-236d-45d4-b0fc-decd3700cc7d.zip" date="2025-07-22T22:57:08.855" >
          <step title="Writing multipart request body to /tmp/zipdeploy/07b4e366-236d-45d4-b0fc-decd3700cc7d.zip" date="2025-07-22T22:57:08.875" /><!-- duration: 2ms -->
        </step><!-- duration: 332ms -->
        <step title="Removing previous build artifact&apos;s manifest file" date="2025-07-22T22:57:09.220" >
          <step title="Start deployment in the background" date="2025-07-22T22:57:09.255" >
            <step title="Acquiring Deployment Lock" date="2025-07-22T22:57:09.334" /><!-- duration: 9ms -->
            <step title="Acquired Deployment Lock" date="2025-07-22T22:57:09.474" /><!-- duration: 18ms -->
          </step><!-- duration: 404ms -->
        </step><!-- duration: 466ms -->
        <step title="Outgoing response" date="2025-07-22T22:57:09.722" type="response" statusCode="202" statusText="Accepted" /><!-- duration: 2ms -->
      </step><!-- duration: 952ms -->
