<step title="Incoming Request" date="2025-07-23T06:09:41.607" instance="74b796" url="/api/publish?async=true&amp;deployer=GITHUB_ONE_DEPLOY&amp;type=zip&amp;message=%7B%22type%22%3A%22deployment%22%2C%22sha%22%3A%22d7839cfd85ca58fa798180647706ea97f868db37%22%2C%22repoName%22%3A%22genregod%2FValorassist%22%2C%22actor%22%3A%22genregod%22%2C%22slotName%22%3A%22production%22%2C%22commitMessage%22%3A%22Enable%20the%20application%20to%20be%20successfully%20deployed%20on%20the%20Azure%20platform%5Cn%5CnFixes%20Azure%20deployment%20by%20simplifying%20server.js%20to%20use%20CommonJS%20and%20Express.%5Cn%5CnReplit-Commit-Author%3A%20Agent%5CnReplit-Commit-Session-Id%3A%202c86aebc-12ea-4f8d-a4a8-23abe42802dd%5CnReplit-Commit-Screenshot-Url%3A%20https%3A%2F%2Fstorage.googleapis.com%2Fscreenshot-production-us-central1%2Fb14de2d7-2f4e-499e-b43a-6aa6fc098ed2%2F783bd6a3-afcb-4faf-b987-a78bffe5d07b.jpg%22%7D" method="POST" type="request" pid="821,1,27" Host="valor-assist-service.scm.azurewebsites.net" User-Agent="GITHUBACTIONS_DeployWebAppToAzure_cfa43e3b96d4a97bf0e607e1c865cfbe0455f81f4eb5e843a580846dbb9f8090" Authorization="Bas..." Content-Type="application/octet-stream" Cookie="ARRAffinity=74b7963c2231fc9181263c18d12b2387429a52cfc6b03fb112f3304619705892;Path=/;HttpOnly;Secure;Domain=valor-assist-service.scm.azurewebsites.net; ARRAffinitySameSite=74b7963c2231fc9181263c18d12b2387429a52cfc6b03fb112f3304619705892;Path=/;HttpOnly;SameSite=None;Secure;Domain=valor-assist-service.scm.azurewebsites.net" Transfer-Encoding="chunked" X-ARR-LOG-ID="81cc104f-57bf-4560-88bf-32ec85713d0d" CLIENT-IP="52.165.58.33:45064" X-SITE-DEPLOYMENT-ID="valor-assist-service" WAS-DEFAULT-HOSTNAME="valor-assist-service.scm.azurewebsites.net" X-Forwarded-Proto="https" X-AppService-Proto="https" X-Forwarded-TlsVersion="1.3" X-WAWS-Unencoded-URL="/api/publish?async=true&amp;deployer=GITHUB_ONE_DEPLOY&amp;type=zip&amp;message=%7B%22type%22%3A%22deployment%22%2C%22sha%22%3A%22d7839cfd85ca58fa798180647706ea97f868db37%22%2C%22repoName%22%3A%22genregod%2FValorassist%22%2C%22actor%22%3A%22genregod%22%2C%22slotName%22%3A%22production%22%2C%22commitMessage%22%3A%22Enable%20the%20application%20to%20be%20successfully%20deployed%20on%20the%20Azure%20platform%5Cn%5CnFixes%20Azure%20deployment%20by%20simplifying%20server.js%20to%20use%20CommonJS%20and%20Express.%5Cn%5CnReplit-Commit-Author%3A%20Agent%5CnReplit-Commit-Session-Id%3A%202c86aebc-12ea-4f8d-a4a8-23abe42802dd%5CnReplit-Commit-Screenshot-Url%3A%20https%3A%2F%2Fstorage.googleapis.com%2Fscreenshot-production-us-central1%2Fb14de2d7-2f4e-499e-b43a-6aa6fc098ed2%2F783bd6a3-afcb-4faf-b987-a78bffe5d07b.jpg%22%7D" X-Client-IP="52.165.58.33" X-Client-Port="45064" >
  <step title="Cleanup Xml Logs" date="2025-07-23T06:09:41.609" >
    <step title="Cleanup Infos" date="2025-07-23T06:09:41.615" totalFiles="243" totalCleanup="83" /><!-- duration: 2ms -->
  </step><!-- duration: 9ms -->
  <step title="OneDeploy" date="2025-07-23T06:09:41.634" >
    <step title="None repository commit" date="2025-07-23T06:09:41.643" >
      <step title="Commit id: ae42cf0b-6def-4d63-8e1f-740fc0b0a2e8" date="2025-07-23T06:09:41.645" Message="N/A" AuthorName="N/A" AuthorEmail="N/A" /><!-- duration: 1ms -->
    </step><!-- duration: 4ms -->
    <step title="Starting PushDeployAsync" date="2025-07-23T06:09:41.649" /><!-- duration: 1ms -->
    <step title="Removing sub node_modules symlink" date="2025-07-23T06:09:41.660" >
      <step title="Writing artifact to /tmp/zipdeploy/3a118230-e7e8-4a16-8e46-c6d0d3155ac8.zip" date="2025-07-23T06:09:41.684" >
        <step title="Writing multipart request body to /tmp/zipdeploy/3a118230-e7e8-4a16-8e46-c6d0d3155ac8.zip" date="2025-07-23T06:09:41.687" /><!-- duration: 1ms -->
      </step><!-- duration: 1771ms -->
      <step title="Removing previous build artifact&apos;s manifest file" date="2025-07-23T06:09:43.466" >
        <step title="Start deployment in the background" date="2025-07-23T06:09:43.493" >
          <step title="Acquiring Deployment Lock" date="2025-07-23T06:09:43.501" /><!-- duration: 2ms -->
          <step title="Acquired Deployment Lock" date="2025-07-23T06:09:43.524" /><!-- duration: 3ms -->
        </step><!-- duration: 332ms -->
      </step><!-- duration: 364ms -->
      <step title="Outgoing response" date="2025-07-23T06:09:43.836" type="response" statusCode="202" statusText="Accepted" /><!-- duration: 2ms -->
    </step><!-- duration: 2179ms -->
