<step title="Incoming Request" date="2025-07-23T06:57:38.851" instance="74b796" url="/api/deployments/latest?deployer=OneDeploy&amp;time=2025-07-23_06-57-33Z" method="GET" type="request" pid="822,1,19" Host="valor-assist-service.scm.azurewebsites.net" User-Agent="GITHUBACTIONS_DeployWebAppToAzure_cfa43e3b96d4a97bf0e607e1c865cfbe0455f81f4eb5e843a580846dbb9f8090" Authorization="Bas..." Content-Type="application/json; charset=utf-8" Cookie="ARRAffinity=74b7963c2231fc9181263c18d12b2387429a52cfc6b03fb112f3304619705892;Path=/;HttpOnly;Secure;Domain=valor-assist-service.scm.azurewebsites.net; ARRAffinitySameSite=74b7963c2231fc9181263c18d12b2387429a52cfc6b03fb112f3304619705892;Path=/;HttpOnly;SameSite=None;Secure;Domain=valor-assist-service.scm.azurewebsites.net" Content-Length="0" X-ARR-LOG-ID="2f3eb882-5f9f-49ab-8611-57a7d78899fc" CLIENT-IP="20.161.30.49:43018" X-SITE-DEPLOYMENT-ID="valor-assist-service" WAS-DEFAULT-HOSTNAME="valor-assist-service.scm.azurewebsites.net" X-Forwarded-Proto="https" X-AppService-Proto="https" X-Forwarded-TlsVersion="1.3" X-WAWS-Unencoded-URL="/api/deployments/latest?deployer=OneDeploy&amp;time=2025-07-23_06-57-33Z" X-Client-IP="20.161.30.49" X-Client-Port="43018" >
  <step title="Cleanup Xml Logs" date="2025-07-23T06:57:38.854" >
    <step title="Cleanup Infos" date="2025-07-23T06:57:38.861" totalFiles="316" totalCleanup="156" /><!-- duration: 1ms -->
  </step><!-- duration: 9ms -->
  <step title="DeploymentService.GetResult" date="2025-07-23T06:57:38.874" >
    <step title="DeploymentService.GetLatestDeployment" date="2025-07-23T06:57:38.876" >
      <step title="DeploymentManager.GetResults" date="2025-07-23T06:57:38.877" /><!-- duration: 369ms -->
    </step><!-- duration: 372ms -->
  </step><!-- duration: 375ms -->
  <step title="Outgoing response" date="2025-07-23T06:57:39.253" type="response" statusCode="202" statusText="Accepted" /><!-- duration: 1ms -->
</step><!-- duration: 405ms -->
