<step title="BackgroundTrace" date="2025-07-23T03:20:11.847" instance="3c7384" url="/api/publish" method="POST" >
  <step title="Creating temporary deployment - FetchDeploymentManager" date="2025-07-23T03:20:11.910" /><!-- duration: 2ms -->
  <step title="Creating temporary deployment" date="2025-07-23T03:20:11.926" /><!-- duration: 84ms -->
  <step title="Performing fetch based deployment" date="2025-07-23T03:20:12.117" >
    <step title="Cleaning up temp folders from previous zip deployments and extracting pushed zip file /tmp/zipdeploy/ed113c05-4d6d-46b0-8eb0-8c214743168d.zip (0.15 MB) to /tmp/zipdeploy/extracted" date="2025-07-23T03:20:13.252" >
      <step title="ChmodRecursive Process exited with total time taken in ms: 46" date="2025-07-23T03:20:13.325" /><!-- duration: 7ms -->
    </step><!-- duration: 83ms -->
    <step title="Deployment timer started" date="2025-07-23T03:20:15.364" >
      <step title="DeploymentManager.Deploy(id:8a848526-689f-44af-aabb-d67768f6a4cf)" date="2025-07-23T03:20:15.375" >
        <step title="Collecting changeset information" date="2025-07-23T03:20:15.402" /><!-- duration: 86ms -->
        <step title="Updating submodules" date="2025-07-23T03:20:15.492" /><!-- duration: 1094ms -->
        <step title="Determining deployment builder" date="2025-07-23T03:20:16.749" >
          <step title="Builder is OneDeployBuilder" date="2025-07-23T03:20:16.777" /><!-- duration: 11ms -->
        </step><!-- duration: 54ms -->
        <step title="PreDeployment: context.CleanOutputPath False" date="2025-07-23T03:20:16.851" >
          <step title="PreDeployment: context.OutputPath /home/site/wwwroot" date="2025-07-23T03:20:16.951" >
            <step title="Building" date="2025-07-23T03:20:17.081" >
              <step title="Executing external process" date="2025-07-23T03:20:17.516" type="process" path="starter.sh" arguments="/opt/Kudu/Scripts/parallel_rsync.sh /tmp/zipdeploy/extracted /home/site/wwwroot 8 /tmp/ False False  " /><!-- duration: 1847ms -->
              <step title="Modified file to trigger a restart of the app container." date="2025-07-23T03:20:19.751" /><!-- duration: 2ms -->
              <step title="Skip function trigger and logicapp sync because function is not enabled." date="2025-07-23T03:20:19.760" /><!-- duration: 3ms -->
            </step><!-- duration: 3279ms -->
          </step><!-- duration: 3414ms -->
          <step title="Cleaning up temp files" date="2025-07-23T03:20:20.367" /><!-- duration: 14ms -->
          <step title="Cleaning up temp files" date="2025-07-23T03:20:20.384" /><!-- duration: 513ms -->
          <step title="Reloading status file with latest updates" date="2025-07-23T03:20:20.936" >
            <step title="WebHooksManager.PublishEventAsync: PostDeployment" date="2025-07-23T03:20:20.941" /><!-- duration: 50ms -->
          </step><!-- duration: 58ms -->
          <step title="Cleaning up temporary deployment - fetch deployment was successful" date="2025-07-23T03:20:20.998" /><!-- duration: 2ms -->
        </step><!-- duration: 4232ms -->
      </step><!-- duration: 5733ms -->
