<step title="Incoming Request" date="2025-07-23T05:30:08.748" instance="74b796" url="/api/deployments/latest?deployer=OneDeploy&amp;time=2025-07-23_05-29-52Z" method="GET" type="request" pid="821,1,26" Host="valor-assist-service.scm.azurewebsites.net" User-Agent="GITHUBACTIONS_DeployWebAppToAzure_cfa43e3b96d4a97bf0e607e1c865cfbe0455f81f4eb5e843a580846dbb9f8090" Authorization="Bas..." Content-Type="application/json; charset=utf-8" Cookie="ARRAffinity=74b7963c2231fc9181263c18d12b2387429a52cfc6b03fb112f3304619705892;Path=/;HttpOnly;Secure;Domain=valor-assist-service.scm.azurewebsites.net; ARRAffinitySameSite=74b7963c2231fc9181263c18d12b2387429a52cfc6b03fb112f3304619705892;Path=/;HttpOnly;SameSite=None;Secure;Domain=valor-assist-service.scm.azurewebsites.net" Content-Length="0" X-ARR-LOG-ID="1dfea3e6-e923-48cd-b029-0eb1bd48565e" CLIENT-IP="64.236.134.35:22592" X-SITE-DEPLOYMENT-ID="valor-assist-service" WAS-DEFAULT-HOSTNAME="valor-assist-service.scm.azurewebsites.net" X-Forwarded-Proto="https" X-AppService-Proto="https" X-Forwarded-TlsVersion="1.3" X-WAWS-Unencoded-URL="/api/deployments/latest?deployer=OneDeploy&amp;time=2025-07-23_05-29-52Z" X-Client-IP="64.236.134.35" X-Client-Port="22592" >
  <step title="Cleanup Xml Logs" date="2025-07-23T05:30:08.749" >
    <step title="Cleanup Infos" date="2025-07-23T05:30:08.754" totalFiles="212" totalCleanup="52" /><!-- duration: 2ms -->
  </step><!-- duration: 8ms -->
  <step title="DeploymentService.GetResult" date="2025-07-23T05:30:08.761" >
    <step title="DeploymentService.GetLatestDeployment" date="2025-07-23T05:30:08.762" >
      <step title="DeploymentManager.GetResults" date="2025-07-23T05:30:08.764" /><!-- duration: 258ms -->
    </step><!-- duration: 263ms -->
  </step><!-- duration: 266ms -->
  <step title="Outgoing response" date="2025-07-23T05:30:09.034" type="response" statusCode="202" statusText="Accepted" /><!-- duration: 2ms -->
</step><!-- duration: 290ms -->
