<step title="BackgroundTrace" date="2025-07-23T06:09:43.496" instance="74b796" url="/api/publish" method="POST" >
  <step title="Creating temporary deployment - FetchDeploymentManager" date="2025-07-23T06:09:43.531" /><!-- duration: 3ms -->
  <step title="Creating temporary deployment" date="2025-07-23T06:09:43.537" /><!-- duration: 285ms -->
  <step title="Performing fetch based deployment" date="2025-07-23T06:09:43.846" >
    <step title="Cleaning up temp folders from previous zip deployments and extracting pushed zip file /tmp/zipdeploy/3a118230-e7e8-4a16-8e46-c6d0d3155ac8.zip (120.04 MB) to /tmp/zipdeploy/extracted" date="2025-07-23T06:09:44.949" >
      <step title="ChmodRecursive Process exited with total time taken in ms: 453" date="2025-07-23T06:09:53.247" /><!-- duration: 5ms -->
    </step><!-- duration: 8305ms -->
    <step title="Deployment timer started" date="2025-07-23T06:09:55.260" >
      <step title="DeploymentManager.Deploy(id:ae42cf0b-6def-4d63-8e1f-740fc0b0a2e8)" date="2025-07-23T06:09:55.265" >
        <step title="Collecting changeset information" date="2025-07-23T06:09:55.320" /><!-- duration: 83ms -->
        <step title="Updating submodules" date="2025-07-23T06:09:55.416" /><!-- duration: 1091ms -->
        <step title="Determining deployment builder" date="2025-07-23T06:09:56.701" >
          <step title="Builder is OryxBuilder" date="2025-07-23T06:09:56.709" /><!-- duration: 2ms -->
        </step><!-- duration: 13ms -->
        <step title="PreDeployment: context.CleanOutputPath False" date="2025-07-23T06:09:56.751" >
          <step title="PreDeployment: context.OutputPath /home/site/wwwroot" date="2025-07-23T06:09:56.827" >
            <step title="Building" date="2025-07-23T06:09:56.907" >
              <step title="Executing external process" date="2025-07-23T06:09:57.091" type="process" path="bash" arguments="-c &quot;oryx build /tmp/zipdeploy/extracted -o /home/site/wwwroot --platform nodejs --platform-version 22 -p virtualenv_name= --log-file /tmp/build-debug.log  -i /tmp/8ddc9af8c52d953 -p compress_node_modules=tar-gz | tee /tmp/oryx-build.log ; exit $PIPESTATUS &quot;" /><!-- duration: 41222ms -->
              <step title="Using GenericDeploymentLogParser" date="2025-07-23T06:10:38.549" /><!-- duration: 1ms -->
              <step title="Modified file to trigger a restart of the app container." date="2025-07-23T06:10:39.259" /><!-- duration: 1ms -->
              <step title="Skip function trigger and logicapp sync because function is not enabled." date="2025-07-23T06:10:39.263" /><!-- duration: 1ms -->
            </step><!-- duration: 43083ms -->
          </step><!-- duration: 43167ms -->
          <step title="Cleaning up temp files" date="2025-07-23T06:10:39.995" /><!-- duration: 1416ms -->
          <step title="Cleaning up temp files" date="2025-07-23T06:10:41.423" /><!-- duration: 502ms -->
          <step title="Reloading status file with latest updates" date="2025-07-23T06:10:41.951" >
            <step title="WebHooksManager.PublishEventAsync: PostDeployment" date="2025-07-23T06:10:41.953" /><!-- duration: 40ms -->
          </step><!-- duration: 43ms -->
          <step title="Cleaning up temporary deployment - fetch deployment was successful" date="2025-07-23T06:10:41.996" /><!-- duration: 1ms -->
        </step><!-- duration: 45294ms -->
      </step><!-- duration: 46787ms -->
