<step title="Incoming Request" date="2025-07-23T05:19:46.743" instance="74b796" url="/api/publish?async=true&amp;deployer=GITHUB_ONE_DEPLOY&amp;type=zip&amp;message=%7B%22type%22%3A%22deployment%22%2C%22sha%22%3A%223df31a80e9ddc45292de9b74d3768d570ac04c24%22%2C%22repoName%22%3A%22genregod%2FValorassist%22%2C%22actor%22%3A%22genregod%22%2C%22slotName%22%3A%22production%22%2C%22commitMessage%22%3A%22Update%20main_valor-assist-service.yml%22%7D" method="POST" type="request" pid="821,1,29" Host="valor-assist-service.scm.azurewebsites.net" User-Agent="GITHUBACTIONS_DeployWebAppToAzure_cfa43e3b96d4a97bf0e607e1c865cfbe0455f81f4eb5e843a580846dbb9f8090" Authorization="Bas..." Content-Type="application/octet-stream" Cookie="ARRAffinity=74b7963c2231fc9181263c18d12b2387429a52cfc6b03fb112f3304619705892;Path=/;HttpOnly;Secure;Domain=valor-assist-service.scm.azurewebsites.net; ARRAffinitySameSite=74b7963c2231fc9181263c18d12b2387429a52cfc6b03fb112f3304619705892;Path=/;HttpOnly;SameSite=None;Secure;Domain=valor-assist-service.scm.azurewebsites.net" Transfer-Encoding="chunked" X-ARR-LOG-ID="abba61a3-8308-4a98-b0cd-9e7b002a2f46" CLIENT-IP="135.119.235.83:38912" X-SITE-DEPLOYMENT-ID="valor-assist-service" WAS-DEFAULT-HOSTNAME="valor-assist-service.scm.azurewebsites.net" X-Forwarded-Proto="https" X-AppService-Proto="https" X-Forwarded-TlsVersion="1.3" X-WAWS-Unencoded-URL="/api/publish?async=true&amp;deployer=GITHUB_ONE_DEPLOY&amp;type=zip&amp;message=%7B%22type%22%3A%22deployment%22%2C%22sha%22%3A%223df31a80e9ddc45292de9b74d3768d570ac04c24%22%2C%22repoName%22%3A%22genregod%2FValorassist%22%2C%22actor%22%3A%22genregod%22%2C%22slotName%22%3A%22production%22%2C%22commitMessage%22%3A%22Update%20main_valor-assist-service.yml%22%7D" X-Client-IP="135.119.235.83" X-Client-Port="38912" >
  <step title="OneDeploy" date="2025-07-23T05:19:46.763" >
    <step title="Starting PushDeployAsync" date="2025-07-23T05:19:46.766" /><!-- duration: 1ms -->
    <step title="Writing artifact to /tmp/zipdeploy/7b90f99c-d408-470f-ac92-fb06a85b97cb.zip" date="2025-07-23T05:19:46.770" >
      <step title="Writing multipart request body to /tmp/zipdeploy/7b90f99c-d408-470f-ac92-fb06a85b97cb.zip" date="2025-07-23T05:19:46.771" /><!-- duration: 1ms -->
    </step><!-- duration: 5ms -->
    <step title="Start deployment in the background" date="2025-07-23T05:19:46.779" >
      <step title="Acquiring Deployment Lock" date="2025-07-23T05:19:46.783" /><!-- duration: 1ms -->
      <step title="Acquired Deployment Lock" date="2025-07-23T05:19:46.799" /><!-- duration: 1ms -->
    </step><!-- duration: 57ms -->
  </step><!-- duration: 74ms -->
  <step title="Outgoing response" date="2025-07-23T05:19:46.839" type="response" statusCode="202" statusText="Accepted" /><!-- duration: 1ms -->
</step><!-- duration: 99ms -->
