<step title="BackgroundTrace" date="2025-07-23T04:21:19.058" instance="74b796" url="/api/publish" method="POST" >
  <step title="Creating temporary deployment - FetchDeploymentManager" date="2025-07-23T04:21:19.098" /><!-- duration: 1ms -->
  <step title="Creating temporary deployment" date="2025-07-23T04:21:19.100" /><!-- duration: 30ms -->
  <step title="Performing fetch based deployment" date="2025-07-23T04:21:19.184" >
    <step title="Cleaning up temp folders from previous zip deployments and extracting pushed zip file /tmp/zipdeploy/6e280cf0-334a-4e43-8ad5-f0f760b73f3c.zip (0.15 MB) to /tmp/zipdeploy/extracted" date="2025-07-23T04:21:20.319" >
      <step title="ChmodRecursive Process exited with total time taken in ms: 36" date="2025-07-23T04:21:20.385" /><!-- duration: 2ms -->
    </step><!-- duration: 78ms -->
    <step title="Deployment timer started" date="2025-07-23T04:21:22.404" >
      <step title="DeploymentManager.Deploy(id:8f7c36d5-bce8-432d-9e81-c192d5fc97c7)" date="2025-07-23T04:21:22.407" >
        <step title="Collecting changeset information" date="2025-07-23T04:21:22.417" /><!-- duration: 74ms -->
        <step title="Updating submodules" date="2025-07-23T04:21:22.495" /><!-- duration: 1083ms -->
        <step title="Determining deployment builder" date="2025-07-23T04:21:23.750" >
          <step title="Builder is OneDeployBuilder" date="2025-07-23T04:21:23.767" /><!-- duration: 1ms -->
        </step><!-- duration: 20ms -->
        <step title="PreDeployment: context.CleanOutputPath False" date="2025-07-23T04:21:23.799" >
          <step title="PreDeployment: context.OutputPath /home/site/wwwroot" date="2025-07-23T04:21:23.883" >
            <step title="Building" date="2025-07-23T04:21:23.996" >
              <step title="Executing external process" date="2025-07-23T04:21:24.319" type="process" path="starter.sh" arguments="/opt/Kudu/Scripts/parallel_rsync.sh /tmp/zipdeploy/extracted /home/site/wwwroot 8 /tmp/ False False  " /><!-- duration: 573ms -->
              <step title="Modified file to trigger a restart of the app container." date="2025-07-23T04:21:25.495" /><!-- duration: 2ms -->
              <step title="Skip function trigger and logicapp sync because function is not enabled." date="2025-07-23T04:21:25.499" /><!-- duration: 2ms -->
            </step><!-- duration: 2129ms -->
          </step><!-- duration: 2245ms -->
          <step title="Cleaning up temp files" date="2025-07-23T04:21:26.129" /><!-- duration: 3ms -->
          <step title="Cleaning up temp files" date="2025-07-23T04:21:26.133" /><!-- duration: 502ms -->
          <step title="Reloading status file with latest updates" date="2025-07-23T04:21:26.666" >
            <step title="WebHooksManager.PublishEventAsync: PostDeployment" date="2025-07-23T04:21:26.670" /><!-- duration: 26ms -->
          </step><!-- duration: 31ms -->
          <step title="Cleaning up temporary deployment - fetch deployment was successful" date="2025-07-23T04:21:26.699" /><!-- duration: 1ms -->
        </step><!-- duration: 3013ms -->
      </step><!-- duration: 4412ms -->
