<step title="Incoming Request" date="2025-07-23T06:09:49.595" instance="74b796" url="/api/deployments/latest?deployer=OneDeploy&amp;time=2025-07-23_06-09-43Z" method="GET" type="request" pid="821,1,24" Host="valor-assist-service.scm.azurewebsites.net" User-Agent="GITHUBACTIONS_DeployWebAppToAzure_cfa43e3b96d4a97bf0e607e1c865cfbe0455f81f4eb5e843a580846dbb9f8090" Authorization="Bas..." Content-Type="application/json; charset=utf-8" Cookie="ARRAffinity=74b7963c2231fc9181263c18d12b2387429a52cfc6b03fb112f3304619705892;Path=/;HttpOnly;Secure;Domain=valor-assist-service.scm.azurewebsites.net; ARRAffinitySameSite=74b7963c2231fc9181263c18d12b2387429a52cfc6b03fb112f3304619705892;Path=/;HttpOnly;SameSite=None;Secure;Domain=valor-assist-service.scm.azurewebsites.net" Content-Length="0" X-ARR-LOG-ID="66c1bcd9-89a5-4140-a35e-697c995662f3" CLIENT-IP="52.165.58.33:45065" X-SITE-DEPLOYMENT-ID="valor-assist-service" WAS-DEFAULT-HOSTNAME="valor-assist-service.scm.azurewebsites.net" X-Forwarded-Proto="https" X-AppService-Proto="https" X-Forwarded-TlsVersion="1.3" X-WAWS-Unencoded-URL="/api/deployments/latest?deployer=OneDeploy&amp;time=2025-07-23_06-09-43Z" X-Client-IP="52.165.58.33" X-Client-Port="45065" >
  <step title="Cleanup Xml Logs" date="2025-07-23T06:09:49.596" >
    <step title="Cleanup Infos" date="2025-07-23T06:09:49.602" totalFiles="246" totalCleanup="86" /><!-- duration: 1ms -->
  </step><!-- duration: 8ms -->
  <step title="DeploymentService.GetResult" date="2025-07-23T06:09:49.618" >
    <step title="DeploymentService.GetLatestDeployment" date="2025-07-23T06:09:49.619" >
      <step title="DeploymentManager.GetResults" date="2025-07-23T06:09:49.620" /><!-- duration: 240ms -->
    </step><!-- duration: 243ms -->
  </step><!-- duration: 245ms -->
  <step title="Outgoing response" date="2025-07-23T06:09:49.866" type="response" statusCode="202" statusText="Accepted" /><!-- duration: 1ms -->
</step><!-- duration: 274ms -->
