<step title="Incoming Request" date="2025-07-23T06:56:08.175" instance="74b796" url="/api/deployments/latest?deployer=OneDeploy&amp;time=2025-07-23_06-55-11Z" method="GET" type="request" pid="822,1,16" Host="valor-assist-service.scm.azurewebsites.net" User-Agent="GITHUBACTIONS_DeployWebAppToAzure_cfa43e3b96d4a97bf0e607e1c865cfbe0455f81f4eb5e843a580846dbb9f8090" Authorization="Bas..." Content-Type="application/json; charset=utf-8" Cookie="ARRAffinity=74b7963c2231fc9181263c18d12b2387429a52cfc6b03fb112f3304619705892;Path=/;HttpOnly;Secure;Domain=valor-assist-service.scm.azurewebsites.net; ARRAffinitySameSite=74b7963c2231fc9181263c18d12b2387429a52cfc6b03fb112f3304619705892;Path=/;HttpOnly;SameSite=None;Secure;Domain=valor-assist-service.scm.azurewebsites.net" Content-Length="0" X-ARR-LOG-ID="184f8138-3277-4bc8-aab1-1b2ade334ede" CLIENT-IP="135.232.176.163:53272" X-SITE-DEPLOYMENT-ID="valor-assist-service" WAS-DEFAULT-HOSTNAME="valor-assist-service.scm.azurewebsites.net" X-Forwarded-Proto="https" X-AppService-Proto="https" X-Forwarded-TlsVersion="1.3" X-WAWS-Unencoded-URL="/api/deployments/latest?deployer=OneDeploy&amp;time=2025-07-23_06-55-11Z" X-Client-IP="135.232.176.163" X-Client-Port="53272" >
  <step title="Cleanup Xml Logs" date="2025-07-23T06:56:08.176" >
    <step title="Cleanup Infos" date="2025-07-23T06:56:08.183" totalFiles="293" totalCleanup="133" /><!-- duration: 1ms -->
  </step><!-- duration: 9ms -->
  <step title="DeploymentService.GetResult" date="2025-07-23T06:56:08.205" >
    <step title="DeploymentService.GetLatestDeployment" date="2025-07-23T06:56:08.209" >
      <step title="DeploymentManager.GetResults" date="2025-07-23T06:56:08.211" /><!-- duration: 496ms -->
    </step><!-- duration: 501ms -->
  </step><!-- duration: 507ms -->
  <step title="Outgoing response" date="2025-07-23T06:56:08.718" type="response" statusCode="202" statusText="Accepted" /><!-- duration: 2ms -->
</step><!-- duration: 546ms -->
