<step title="Incoming Request" date="2025-07-23T05:26:53.447" instance="74b796" url="/api/deployments/latest?deployer=OneDeploy&amp;time=2025-07-23_05-26-32Z" method="GET" type="request" pid="821,1,14" Host="valor-assist-service.scm.azurewebsites.net" User-Agent="GITHUBACTIONS_DeployWebAppToAzure_cfa43e3b96d4a97bf0e607e1c865cfbe0455f81f4eb5e843a580846dbb9f8090" Authorization="Bas..." Content-Type="application/json; charset=utf-8" Cookie="ARRAffinity=74b7963c2231fc9181263c18d12b2387429a52cfc6b03fb112f3304619705892;Path=/;HttpOnly;Secure;Domain=valor-assist-service.scm.azurewebsites.net; ARRAffinitySameSite=74b7963c2231fc9181263c18d12b2387429a52cfc6b03fb112f3304619705892;Path=/;HttpOnly;SameSite=None;Secure;Domain=valor-assist-service.scm.azurewebsites.net" Content-Length="0" X-ARR-LOG-ID="51cb4628-0205-4944-ad11-bcba097e2c43" CLIENT-IP="52.157.2.242:44034" X-SITE-DEPLOYMENT-ID="valor-assist-service" WAS-DEFAULT-HOSTNAME="valor-assist-service.scm.azurewebsites.net" X-Forwarded-Proto="https" X-AppService-Proto="https" X-Forwarded-TlsVersion="1.3" X-WAWS-Unencoded-URL="/api/deployments/latest?deployer=OneDeploy&amp;time=2025-07-23_05-26-32Z" X-Client-IP="52.157.2.242" X-Client-Port="44034" >
  <step title="Cleanup Xml Logs" date="2025-07-23T05:26:53.448" >
    <step title="Cleanup Infos" date="2025-07-23T05:26:53.453" totalFiles="203" totalCleanup="43" /><!-- duration: 9ms -->
  </step><!-- duration: 17ms -->
  <step title="DeploymentService.GetResult" date="2025-07-23T05:26:53.469" >
    <step title="DeploymentService.GetLatestDeployment" date="2025-07-23T05:26:53.471" >
      <step title="DeploymentManager.GetResults" date="2025-07-23T05:26:53.473" /><!-- duration: 299ms -->
    </step><!-- duration: 302ms -->
  </step><!-- duration: 306ms -->
  <step title="Outgoing response" date="2025-07-23T05:26:53.776" type="response" statusCode="202" statusText="Accepted" /><!-- duration: 2ms -->
</step><!-- duration: 332ms -->
