<step title="Incoming Request" date="2025-07-23T05:22:51.916" instance="74b796" url="/api/publish?async=true&amp;deployer=GITHUB_ONE_DEPLOY&amp;type=zip&amp;message=%7B%22type%22%3A%22deployment%22%2C%22sha%22%3A%22538a469b6c06c2cfb2d4ffa204be19bcc21dd1c1%22%2C%22repoName%22%3A%22genregod%2FValorassist%22%2C%22actor%22%3A%22genregod%22%2C%22slotName%22%3A%22production%22%2C%22commitMessage%22%3A%22Update%20azure-deploy.yml%22%7D" method="POST" type="request" pid="821,1,25" Host="valor-assist-service.scm.azurewebsites.net" User-Agent="GITHUBACTIONS_DeployWebAppToAzure_cfa43e3b96d4a97bf0e607e1c865cfbe0455f81f4eb5e843a580846dbb9f8090" Authorization="Bas..." Content-Type="application/octet-stream" Cookie="ARRAffinity=74b7963c2231fc9181263c18d12b2387429a52cfc6b03fb112f3304619705892;Path=/;HttpOnly;Secure;Domain=valor-assist-service.scm.azurewebsites.net; ARRAffinitySameSite=74b7963c2231fc9181263c18d12b2387429a52cfc6b03fb112f3304619705892;Path=/;HttpOnly;SameSite=None;Secure;Domain=valor-assist-service.scm.azurewebsites.net" Transfer-Encoding="chunked" X-ARR-LOG-ID="ba022806-e143-4e36-b537-9f36e700bdc0" CLIENT-IP="145.132.102.224:62465" X-SITE-DEPLOYMENT-ID="valor-assist-service" WAS-DEFAULT-HOSTNAME="valor-assist-service.scm.azurewebsites.net" X-Forwarded-Proto="https" X-AppService-Proto="https" X-Forwarded-TlsVersion="1.3" X-WAWS-Unencoded-URL="/api/publish?async=true&amp;deployer=GITHUB_ONE_DEPLOY&amp;type=zip&amp;message=%7B%22type%22%3A%22deployment%22%2C%22sha%22%3A%22538a469b6c06c2cfb2d4ffa204be19bcc21dd1c1%22%2C%22repoName%22%3A%22genregod%2FValorassist%22%2C%22actor%22%3A%22genregod%22%2C%22slotName%22%3A%22production%22%2C%22commitMessage%22%3A%22Update%20azure-deploy.yml%22%7D" X-Client-IP="145.132.102.224" X-Client-Port="62465" >
  <step title="OneDeploy" date="2025-07-23T05:22:51.920" >
    <step title="Starting PushDeployAsync" date="2025-07-23T05:22:51.924" /><!-- duration: 5ms -->
    <step title="Writing artifact to /tmp/zipdeploy/e42a61c7-46df-4039-bf52-644bcbac6908.zip" date="2025-07-23T05:22:51.935" >
      <step title="Writing multipart request body to /tmp/zipdeploy/e42a61c7-46df-4039-bf52-644bcbac6908.zip" date="2025-07-23T05:22:51.936" /><!-- duration: 1ms -->
    </step><!-- duration: 6ms -->
    <step title="Start deployment in the background" date="2025-07-23T05:22:51.948" >
      <step title="Acquiring Deployment Lock" date="2025-07-23T05:22:51.951" /><!-- duration: 1ms -->
      <step title="Acquired Deployment Lock" date="2025-07-23T05:22:51.971" /><!-- duration: 1ms -->
    </step><!-- duration: 62ms -->
  </step><!-- duration: 91ms -->
  <step title="Outgoing response" date="2025-07-23T05:22:52.013" type="response" statusCode="202" statusText="Accepted" /><!-- duration: 2ms -->
</step><!-- duration: 107ms -->
