<step title="Incoming Request" date="2025-07-23T05:19:56.108" instance="74b796" url="/api/publish?async=true&amp;deployer=GITHUB_ONE_DEPLOY&amp;type=zip&amp;message=%7B%22type%22%3A%22deployment%22%2C%22sha%22%3A%223df31a80e9ddc45292de9b74d3768d570ac04c24%22%2C%22repoName%22%3A%22genregod%2FValorassist%22%2C%22actor%22%3A%22genregod%22%2C%22slotName%22%3A%22production%22%2C%22commitMessage%22%3A%22Update%20main_valor-assist-service.yml%22%7D" method="POST" type="request" pid="821,1,24" Host="valor-assist-service.scm.azurewebsites.net" User-Agent="GITHUBACTIONS_DeployWebAppToAzure_cfa43e3b96d4a97bf0e607e1c865cfbe0455f81f4eb5e843a580846dbb9f8090" Authorization="Bas..." Content-Type="application/octet-stream" Cookie="ARRAffinity=74b7963c2231fc9181263c18d12b2387429a52cfc6b03fb112f3304619705892;Path=/;HttpOnly;Secure;Domain=valor-assist-service.scm.azurewebsites.net; ARRAffinitySameSite=74b7963c2231fc9181263c18d12b2387429a52cfc6b03fb112f3304619705892;Path=/;HttpOnly;SameSite=None;Secure;Domain=valor-assist-service.scm.azurewebsites.net" Transfer-Encoding="chunked" X-ARR-LOG-ID="9cd11e04-b059-41b8-aff0-7a74c2890672" CLIENT-IP="52.159.245.144:54272" X-SITE-DEPLOYMENT-ID="valor-assist-service" WAS-DEFAULT-HOSTNAME="valor-assist-service.scm.azurewebsites.net" X-Forwarded-Proto="https" X-AppService-Proto="https" X-Forwarded-TlsVersion="1.3" X-WAWS-Unencoded-URL="/api/publish?async=true&amp;deployer=GITHUB_ONE_DEPLOY&amp;type=zip&amp;message=%7B%22type%22%3A%22deployment%22%2C%22sha%22%3A%223df31a80e9ddc45292de9b74d3768d570ac04c24%22%2C%22repoName%22%3A%22genregod%2FValorassist%22%2C%22actor%22%3A%22genregod%22%2C%22slotName%22%3A%22production%22%2C%22commitMessage%22%3A%22Update%20main_valor-assist-service.yml%22%7D" X-Client-IP="52.159.245.144" X-Client-Port="54272" >
  <step title="Cleanup Xml Logs" date="2025-07-23T05:19:56.109" /><!-- duration: 4ms -->
  <step title="OneDeploy" date="2025-07-23T05:19:56.118" >
    <step title="Starting PushDeployAsync" date="2025-07-23T05:19:56.122" /><!-- duration: 2ms -->
    <step title="Writing artifact to /tmp/zipdeploy/5497dc60-097b-4a94-8ff2-4401017afdef.zip" date="2025-07-23T05:19:56.132" >
      <step title="Writing multipart request body to /tmp/zipdeploy/5497dc60-097b-4a94-8ff2-4401017afdef.zip" date="2025-07-23T05:19:56.133" /><!-- duration: 3ms -->
    </step><!-- duration: 98ms -->
    <step title="Start deployment in the background" date="2025-07-23T05:19:56.234" >
      <step title="Acquiring Deployment Lock" date="2025-07-23T05:19:56.242" /><!-- duration: 2ms -->
      <step title="Acquired Deployment Lock" date="2025-07-23T05:19:56.273" /><!-- duration: 1ms -->
    </step><!-- duration: 94ms -->
  </step><!-- duration: 211ms -->
  <step title="Outgoing response" date="2025-07-23T05:19:56.331" type="response" statusCode="202" statusText="Accepted" /><!-- duration: 1ms -->
</step><!-- duration: 226ms -->
