<step title="Incoming Request" date="2025-07-23T06:34:57.260" instance="74b796" url="/api/deployments/latest?deployer=OneDeploy&amp;time=2025-07-23_06-34-35Z" method="GET" type="request" pid="821,1,35" Host="valor-assist-service.scm.azurewebsites.net" User-Agent="GITHUBACTIONS_DeployWebAppToAzure_cfa43e3b96d4a97bf0e607e1c865cfbe0455f81f4eb5e843a580846dbb9f8090" Authorization="Bas..." Content-Type="application/json; charset=utf-8" Cookie="ARRAffinity=74b7963c2231fc9181263c18d12b2387429a52cfc6b03fb112f3304619705892;Path=/;HttpOnly;Secure;Domain=valor-assist-service.scm.azurewebsites.net; ARRAffinitySameSite=74b7963c2231fc9181263c18d12b2387429a52cfc6b03fb112f3304619705892;Path=/;HttpOnly;SameSite=None;Secure;Domain=valor-assist-service.scm.azurewebsites.net" Content-Length="0" X-ARR-LOG-ID="4d0719b2-2ea2-4f74-ac63-b0cce66241fc" CLIENT-IP="135.232.201.85:8233" X-SITE-DEPLOYMENT-ID="valor-assist-service" WAS-DEFAULT-HOSTNAME="valor-assist-service.scm.azurewebsites.net" X-Forwarded-Proto="https" X-AppService-Proto="https" X-Forwarded-TlsVersion="1.3" X-WAWS-Unencoded-URL="/api/deployments/latest?deployer=OneDeploy&amp;time=2025-07-23_06-34-35Z" X-Client-IP="135.232.201.85" X-Client-Port="8233" >
  <step title="Cleanup Xml Logs" date="2025-07-23T06:34:57.276" >
    <step title="Cleanup Infos" date="2025-07-23T06:34:57.285" totalFiles="264" totalCleanup="104" /><!-- duration: 1ms -->
  </step><!-- duration: 12ms -->
  <step title="DeploymentService.GetResult" date="2025-07-23T06:34:57.298" >
    <step title="DeploymentService.GetLatestDeployment" date="2025-07-23T06:34:57.302" >
      <step title="DeploymentManager.GetResults" date="2025-07-23T06:34:57.303" /><!-- duration: 355ms -->
    </step><!-- duration: 358ms -->
  </step><!-- duration: 363ms -->
  <step title="Outgoing response" date="2025-07-23T06:34:57.665" type="response" statusCode="202" statusText="Accepted" /><!-- duration: 7ms -->
</step><!-- duration: 414ms -->
