<step title="Incoming Request" date="2025-07-23T05:06:49.066" instance="74b796" url="/api/publish?async=true&amp;deployer=GITHUB_ONE_DEPLOY&amp;type=zip&amp;message=%7B%22type%22%3A%22deployment%22%2C%22sha%22%3A%22a912d1275449bff724952ec93016ea62f3c14af2%22%2C%22repoName%22%3A%22genregod%2FValorassist%22%2C%22actor%22%3A%22genregod%22%2C%22slotName%22%3A%22production%22%2C%22commitMessage%22%3A%22Automate%20Azure%20deployment%20and%20configuration%20for%20seamless%20updates%5Cn%5CnAdds%20a%20bash%20script%20for%20automated%20Azure%20deployment%20configuration%20and%20fixes%20build%20issues%20by%20setting%20Node.js%20version%2C%20startup%20file%2C%20and%20environment%20variables.%5Cn%5CnReplit-Commit-Author%3A%20Agent%5CnReplit-Commit-Session-Id%3A%202c86aebc-12ea-4f8d-a4a8-23abe42802dd%5CnReplit-Commit-Screenshot-Url%3A%20https%3A%2F%2Fstorage.googleapis.com%2Fscreenshot-production-us-central1%2Fb14de2d7-2f4e-499e-b43a-6aa6fc098ed2%2F783bd6a3-afcb-4faf-b987-a78bffe5d07b.jpg%22%7D" method="POST" type="request" pid="821,1,14" Host="valor-assist-service.scm.azurewebsites.net" User-Agent="GITHUBACTIONS_DeployWebAppToAzure_cfa43e3b96d4a97bf0e607e1c865cfbe0455f81f4eb5e843a580846dbb9f8090" Authorization="Bas..." Content-Type="application/octet-stream" Cookie="ARRAffinity=74b7963c2231fc9181263c18d12b2387429a52cfc6b03fb112f3304619705892;Path=/;HttpOnly;Secure;Domain=valor-assist-service.scm.azurewebsites.net; ARRAffinitySameSite=74b7963c2231fc9181263c18d12b2387429a52cfc6b03fb112f3304619705892;Path=/;HttpOnly;SameSite=None;Secure;Domain=valor-assist-service.scm.azurewebsites.net" Transfer-Encoding="chunked" X-ARR-LOG-ID="1b6e0c61-697c-4944-952d-aa6da8d0fe76" CLIENT-IP="9.234.151.115:59392" X-SITE-DEPLOYMENT-ID="valor-assist-service" WAS-DEFAULT-HOSTNAME="valor-assist-service.scm.azurewebsites.net" X-Forwarded-Proto="https" X-AppService-Proto="https" X-Forwarded-TlsVersion="1.3" X-WAWS-Unencoded-URL="/api/publish?async=true&amp;deployer=GITHUB_ONE_DEPLOY&amp;type=zip&amp;message=%7B%22type%22%3A%22deployment%22%2C%22sha%22%3A%22a912d1275449bff724952ec93016ea62f3c14af2%22%2C%22repoName%22%3A%22genregod%2FValorassist%22%2C%22actor%22%3A%22genregod%22%2C%22slotName%22%3A%22production%22%2C%22commitMessage%22%3A%22Automate%20Azure%20deployment%20and%20configuration%20for%20seamless%20updates%5Cn%5CnAdds%20a%20bash%20script%20for%20automated%20Azure%20deployment%20configuration%20and%20fixes%20build%20issues%20by%20setting%20Node.js%20version%2C%20startup%20file%2C%20and%20environment%20variables.%5Cn%5CnReplit-Commit-Author%3A%20Agent%5CnReplit-Commit-Session-Id%3A%202c86aebc-12ea-4f8d-a4a8-23abe42802dd%5CnReplit-Commit-Screenshot-Url%3A%20https%3A%2F%2Fstorage.googleapis.com%2Fscreenshot-production-us-central1%2Fb14de2d7-2f4e-499e-b43a-6aa6fc098ed2%2F783bd6a3-afcb-4faf-b987-a78bffe5d07b.jpg%22%7D" X-Client-IP="9.234.151.115" X-Client-Port="59392" >
  <step title="OneDeploy" date="2025-07-23T05:06:49.090" >
    <step title="None repository commit" date="2025-07-23T05:06:49.098" >
      <step title="Commit id: 0585f771-77ec-49a6-9572-38563f0e37c4" date="2025-07-23T05:06:49.106" Message="N/A" AuthorName="N/A" AuthorEmail="N/A" /><!-- duration: 16ms -->
    </step><!-- duration: 26ms -->
    <step title="Starting PushDeployAsync" date="2025-07-23T05:06:49.127" /><!-- duration: 2ms -->
    <step title="Writing artifact to /tmp/zipdeploy/3703f5d4-1ca4-4a96-95f8-df2a878259b9.zip" date="2025-07-23T05:06:49.140" >
      <step title="Writing multipart request body to /tmp/zipdeploy/3703f5d4-1ca4-4a96-95f8-df2a878259b9.zip" date="2025-07-23T05:06:49.144" /><!-- duration: 3ms -->
    </step><!-- duration: 27ms -->
    <step title="Start deployment in the background" date="2025-07-23T05:06:49.175" >
      <step title="Acquiring Deployment Lock" date="2025-07-23T05:06:49.194" /><!-- duration: 3ms -->
      <step title="Acquired Deployment Lock" date="2025-07-23T05:06:49.237" /><!-- duration: 3ms -->
    </step><!-- duration: 121ms -->
  </step><!-- duration: 211ms -->
  <step title="Outgoing response" date="2025-07-23T05:06:49.307" type="response" statusCode="202" statusText="Accepted" /><!-- duration: 2ms -->
</step><!-- duration: 244ms -->
