<step title="Incoming Request" date="2025-07-23T03:19:57.146" instance="3c7384" url="/api/publish?async=true&amp;deployer=GITHUB_ONE_DEPLOY&amp;type=zip&amp;message=%7B%22type%22%3A%22deployment%22%2C%22sha%22%3A%2278e9aee26c95e83c93f4a7ee2ae1bd9adeacdd11%22%2C%22repoName%22%3A%22genregod%2FValorassist%22%2C%22actor%22%3A%22genregod%22%2C%22slotName%22%3A%22production%22%2C%22commitMessage%22%3A%22Remove%20files%20containing%20secrets%20and%20update%20.gitignore%22%7D" method="POST" type="request" pid="823,1,37" Host="valor-assist-service.scm.azurewebsites.net" User-Agent="GITHUBACTIONS_DeployWebAppToAzure_cfa43e3b96d4a97bf0e607e1c865cfbe0455f81f4eb5e843a580846dbb9f8090" Authorization="Bas..." Content-Type="application/octet-stream" Cookie="ARRAffinity=3c7384df99afa25c867916dc1d7352186bb3374caea7a58762f0c1b083c2be1d;Path=/;HttpOnly;Secure;Domain=valor-assist-service.scm.azurewebsites.net; ARRAffinitySameSite=3c7384df99afa25c867916dc1d7352186bb3374caea7a58762f0c1b083c2be1d;Path=/;HttpOnly;SameSite=None;Secure;Domain=valor-assist-service.scm.azurewebsites.net" Transfer-Encoding="chunked" X-ARR-LOG-ID="c94e7fa9-b706-4e96-be35-9e8c76aa56fa" CLIENT-IP="52.165.59.4:58400" X-SITE-DEPLOYMENT-ID="valor-assist-service" WAS-DEFAULT-HOSTNAME="valor-assist-service.scm.azurewebsites.net" X-Forwarded-Proto="https" X-AppService-Proto="https" X-Forwarded-TlsVersion="1.3" X-WAWS-Unencoded-URL="/api/publish?async=true&amp;deployer=GITHUB_ONE_DEPLOY&amp;type=zip&amp;message=%7B%22type%22%3A%22deployment%22%2C%22sha%22%3A%2278e9aee26c95e83c93f4a7ee2ae1bd9adeacdd11%22%2C%22repoName%22%3A%22genregod%2FValorassist%22%2C%22actor%22%3A%22genregod%22%2C%22slotName%22%3A%22production%22%2C%22commitMessage%22%3A%22Remove%20files%20containing%20secrets%20and%20update%20.gitignore%22%7D" X-Client-IP="52.165.59.4" X-Client-Port="58400" >
  <step title="OneDeploy" date="2025-07-23T03:19:57.237" >
    <step title="None repository commit" date="2025-07-23T03:19:57.258" >
      <step title="Commit id: bbd3c925-d81e-42a9-9164-c40b98fe2afb" date="2025-07-23T03:19:57.263" Message="N/A" AuthorName="N/A" AuthorEmail="N/A" /><!-- duration: 3ms -->
    </step><!-- duration: 12ms -->
    <step title="Starting PushDeployAsync" date="2025-07-23T03:19:57.272" /><!-- duration: 3ms -->
    <step title="Writing artifact to /tmp/zipdeploy/1411ddc5-842d-4b33-a756-391ca9d72ce0.zip" date="2025-07-23T03:19:57.303" >
      <step title="Writing multipart request body to /tmp/zipdeploy/1411ddc5-842d-4b33-a756-391ca9d72ce0.zip" date="2025-07-23T03:19:57.311" /><!-- duration: 2ms -->
    </step><!-- duration: 225ms -->
    <step title="Start deployment in the background" date="2025-07-23T03:19:57.578" >
      <step title="Acquiring Deployment Lock" date="2025-07-23T03:19:57.626" /><!-- duration: 9ms -->
      <step title="Acquired Deployment Lock" date="2025-07-23T03:19:57.690" /><!-- duration: 17ms -->
    </step><!-- duration: 247ms -->
  </step><!-- duration: 599ms -->
  <step title="Outgoing response" date="2025-07-23T03:19:57.854" type="response" statusCode="202" statusText="Accepted" /><!-- duration: 3ms -->
</step><!-- duration: 718ms -->
