<step title="Incoming Request" date="2025-07-23T06:57:31.014" instance="74b796" url="/api/publish?async=true&amp;deployer=GITHUB_ONE_DEPLOY&amp;type=zip&amp;message=%7B%22type%22%3A%22deployment%22%2C%22sha%22%3A%22608ce6f75634c008f2cf9fbad37d2c05ae7c5fb0%22%2C%22repoName%22%3A%22genregod%2FValorassist%22%2C%22actor%22%3A%22genregod%22%2C%22slotName%22%3A%22production%22%2C%22commitMessage%22%3A%22Add%20Application%20Insights%20integration%20and%20comprehensive%20logging%22%7D" method="POST" type="request" pid="822,1,19" Host="valor-assist-service.scm.azurewebsites.net" User-Agent="GITHUBACTIONS_DeployWebAppToAzure_cfa43e3b96d4a97bf0e607e1c865cfbe0455f81f4eb5e843a580846dbb9f8090" Authorization="Bas..." Content-Type="application/octet-stream" Cookie="ARRAffinity=74b7963c2231fc9181263c18d12b2387429a52cfc6b03fb112f3304619705892;Path=/;HttpOnly;Secure;Domain=valor-assist-service.scm.azurewebsites.net; ARRAffinitySameSite=74b7963c2231fc9181263c18d12b2387429a52cfc6b03fb112f3304619705892;Path=/;HttpOnly;SameSite=None;Secure;Domain=valor-assist-service.scm.azurewebsites.net" Transfer-Encoding="chunked" X-ARR-LOG-ID="fe311cb9-5f4a-4889-8014-20e863a2494c" CLIENT-IP="20.161.30.49:43016" X-SITE-DEPLOYMENT-ID="valor-assist-service" WAS-DEFAULT-HOSTNAME="valor-assist-service.scm.azurewebsites.net" X-Forwarded-Proto="https" X-AppService-Proto="https" X-Forwarded-TlsVersion="1.3" X-WAWS-Unencoded-URL="/api/publish?async=true&amp;deployer=GITHUB_ONE_DEPLOY&amp;type=zip&amp;message=%7B%22type%22%3A%22deployment%22%2C%22sha%22%3A%22608ce6f75634c008f2cf9fbad37d2c05ae7c5fb0%22%2C%22repoName%22%3A%22genregod%2FValorassist%22%2C%22actor%22%3A%22genregod%22%2C%22slotName%22%3A%22production%22%2C%22commitMessage%22%3A%22Add%20Application%20Insights%20integration%20and%20comprehensive%20logging%22%7D" X-Client-IP="20.161.30.49" X-Client-Port="43016" >
  <step title="Cleanup Xml Logs" date="2025-07-23T06:57:31.016" >
    <step title="Cleanup Infos" date="2025-07-23T06:57:31.026" totalFiles="313" totalCleanup="153" /><!-- duration: 2ms -->
  </step><!-- duration: 14ms -->
  <step title="OneDeploy" date="2025-07-23T06:57:31.040" >
    <step title="Starting PushDeployAsync" date="2025-07-23T06:57:31.044" /><!-- duration: 1ms -->
    <step title="Writing artifact to /tmp/zipdeploy/04e7d06a-b70f-4394-af92-638ed7fbab4c.zip" date="2025-07-23T06:57:31.048" >
      <step title="Writing multipart request body to /tmp/zipdeploy/04e7d06a-b70f-4394-af92-638ed7fbab4c.zip" date="2025-07-23T06:57:31.050" /><!-- duration: 2ms -->
    </step><!-- duration: 1447ms -->
    <step title="Removing previous build artifact&apos;s manifest file" date="2025-07-23T06:57:32.499" >
      <step title="Start deployment in the background" date="2025-07-23T06:57:32.506" >
        <step title="Acquiring Deployment Lock" date="2025-07-23T06:57:32.510" /><!-- duration: 1ms -->
        <step title="Acquired Deployment Lock" date="2025-07-23T06:57:32.538" /><!-- duration: 1ms -->
      </step><!-- duration: 676ms -->
    </step><!-- duration: 696ms -->
    <step title="Outgoing response" date="2025-07-23T06:57:33.203" type="response" statusCode="202" statusText="Accepted" /><!-- duration: 7ms -->
  </step><!-- duration: 2171ms -->
