<step title="BackgroundTrace" date="2025-07-23T05:25:34.649" instance="74b796" url="/api/publish" method="POST" >
  <step title="Creating temporary deployment - FetchDeploymentManager" date="2025-07-23T05:25:34.674" /><!-- duration: 1ms -->
  <step title="Creating temporary deployment" date="2025-07-23T05:25:34.678" /><!-- duration: 42ms -->
  <step title="Performing fetch based deployment" date="2025-07-23T05:25:34.740" >
    <step title="Cleaning up temp folders from previous zip deployments and extracting pushed zip file /tmp/zipdeploy/89bb80b2-0c61-4df4-b166-bf88194d63f7.zip (0.15 MB) to /tmp/zipdeploy/extracted" date="2025-07-23T05:25:35.844" >
      <step title="ChmodRecursive Process exited with total time taken in ms: 31" date="2025-07-23T05:25:35.894" /><!-- duration: 1ms -->
    </step><!-- duration: 54ms -->
    <step title="Deployment timer started" date="2025-07-23T05:25:37.909" >
      <step title="DeploymentManager.Deploy(id:aabef1c6-4c45-45b6-9ddf-00fe7cecb529)" date="2025-07-23T05:25:37.911" >
        <step title="Collecting changeset information" date="2025-07-23T05:25:37.916" /><!-- duration: 63ms -->
        <step title="Updating submodules" date="2025-07-23T05:25:37.981" /><!-- duration: 1075ms -->
        <step title="Determining deployment builder" date="2025-07-23T05:25:39.204" >
          <step title="Builder is OryxBuilder" date="2025-07-23T05:25:39.208" /><!-- duration: 1ms -->
        </step><!-- duration: 7ms -->
        <step title="PreDeployment: context.CleanOutputPath False" date="2025-07-23T05:25:39.236" >
          <step title="PreDeployment: context.OutputPath /home/site/wwwroot" date="2025-07-23T05:25:39.300" >
            <step title="Building" date="2025-07-23T05:25:39.380" >
              <step title="Executing external process" date="2025-07-23T05:25:39.551" type="process" path="bash" arguments="-c &quot;oryx build /tmp/zipdeploy/extracted -o /home/site/wwwroot --platform nodejs --platform-version 22 -p virtualenv_name= --log-file /tmp/build-debug.log  -i /tmp/8ddc9a95c53c090 -p compress_node_modules=tar-gz | tee /tmp/oryx-build.log ; exit $PIPESTATUS &quot;" >
                <step title="Process dump" date="2025-07-23T05:26:22.033" exitCode="1" type="processOutput" /><!-- duration: 9ms -->
              </step><!-- duration: 42493ms -->
              <step title="Error occurred" date="2025-07-23T05:26:22.054" type="error" text="npm warn deprecated node-domexception@1.0.0: Use your platform&apos;s native DOMException instead
x Build failed in 15ms
error during build:
Could not resolve entry module &quot;index.html&quot;.
    at getRollupError (file:///tmp/8ddc9a95c53c090/node_modules/rollup/dist/es/shared/parseAst.js:401:41)
    at error (file:///tmp/8ddc9a95c53c090/node_modules/rollup/dist/es/shared/parseAst.js:397:42)
    at ModuleLoader.loadEntryModule (file:///tmp/8ddc9a95c53c090/node_modules/rollup/dist/es/shared/node-entry.js:21463:20)
    at async Promise.all (index 0)
/bin/bash -c &quot;oryx build /tmp/zipdeploy/extracted -o /home/site/wwwroot --platform nodejs --platform-version 22 -p virtualenv_name= --log-file /tmp/build-debug.log  -i /tmp/8ddc9a95c53c090 -p compress_node_modules=tar-gz | tee /tmp/oryx-build.log ; exit $PIPESTATUS &quot;" stackTrace="   at Kudu.Core.Infrastructure.Executable.ExecuteInternal(ITracer tracer, Func`2 onWriteOutput, Func`2 onWriteError, CancellationToken token, Encoding encoding, String arguments, Object[] args) in /tmp/KuduLite/Kudu.Core/Infrastructure/Executable.cs:line 239
   at Kudu.Core.Infrastructure.Executable.ExecuteWithProgressWriter(ILogger logger, ITracer tracer, CancellationToken token, String arguments, Object[] args) in /tmp/KuduLite/Kudu.Core/Infrastructure/Executable.cs:line 118
   at Kudu.Core.Deployment.Generator.ExternalCommandBuilder.RunCommand(DeploymentContext context, String command, Boolean ignoreManifest, CancellationToken token, String message) in /tmp/KuduLite/Kudu.Core/Deployment/Generator/ExternalCommandBuilder.cs:line 122" /><!-- duration: 1ms -->
              <step title="Error occurred" date="2025-07-23T05:26:22.059" type="error" text="npm warn deprecated node-domexception@1.0.0: Use your platform&apos;s native DOMException instead
x Build failed in 15ms
error during build:
Could not resolve entry module &quot;index.html&quot;.
    at getRollupError (file:///tmp/8ddc9a95c53c090/node_modules/rollup/dist/es/shared/parseAst.js:401:41)
    at error (file:///tmp/8ddc9a95c53c090/node_modules/rollup/dist/es/shared/parseAst.js:397:42)
    at ModuleLoader.loadEntryModule (file:///tmp/8ddc9a95c53c090/node_modules/rollup/dist/es/shared/node-entry.js:21463:20)
    at async Promise.all (index 0)
/bin/bash -c &quot;oryx build /tmp/zipdeploy/extracted -o /home/site/wwwroot --platform nodejs --platform-version 22 -p virtualenv_name= --log-file /tmp/build-debug.log  -i /tmp/8ddc9a95c53c090 -p compress_node_modules=tar-gz | tee /tmp/oryx-build.log ; exit $PIPESTATUS &quot;" stackTrace="   at Kudu.Core.Infrastructure.Executable.ExecuteInternal(ITracer tracer, Func`2 onWriteOutput, Func`2 onWriteError, CancellationToken token, Encoding encoding, String arguments, Object[] args) in /tmp/KuduLite/Kudu.Core/Infrastructure/Executable.cs:line 239
   at Kudu.Core.Infrastructure.Executable.ExecuteWithProgressWriter(ILogger logger, ITracer tracer, CancellationToken token, String arguments, Object[] args) in /tmp/KuduLite/Kudu.Core/Infrastructure/Executable.cs:line 118
   at Kudu.Core.Deployment.Generator.ExternalCommandBuilder.RunCommand(DeploymentContext context, String command, Boolean ignoreManifest, CancellationToken token, String message) in /tmp/KuduLite/Kudu.Core/Deployment/Generator/ExternalCommandBuilder.cs:line 122
   at Kudu.Core.Deployment.Generator.OryxBuilder.RunBuildCommand(IOryxArguments args, DeploymentContext context, CancellationToken token) in /tmp/KuduLite/Kudu.Core/Deployment/Generator/OryxBuilder.cs:line 282
   at Kudu.Core.Deployment.Generator.OryxBuilder.Build(DeploymentContext context, CancellationToken token) in /tmp/KuduLite/Kudu.Core/Deployment/Generator/OryxBuilder.cs:line 123
   at Kudu.Core.Deployment.DeploymentManager.Build(ChangeSet changeSet, ITracer tracer, IDisposable deployStep, IRepository repository, DeploymentInfoBase deploymentInfo, DeploymentAnalytics deploymentAnalytics, Boolean fullBuildByDefault, CancellationToken cancellationToken) in /tmp/KuduLite/Kudu.Core/Deployment/DeploymentManager.cs:line 771" /><!-- duration: 2ms -->
              <step title="Using GenericDeploymentLogParser" date="2025-07-23T05:26:22.202" /><!-- duration: 1ms -->
              <step title="Purge deployment items" date="2025-07-23T05:26:23.127" >
                <step title="Remove ed5aa5d8-, Failed, received at 07/23/2025 05:22:55" date="2025-07-23T05:26:23.161" /><!-- duration: 1ms -->
              </step><!-- duration: 36ms -->
            </step><!-- duration: 43789ms -->
          </step><!-- duration: 43871ms -->
          <step title="Error occurred" date="2025-07-23T05:26:23.172" type="error" text="npm warn deprecated node-domexception@1.0.0: Use your platform&apos;s native DOMException instead
x Build failed in 15ms
error during build:
Could not resolve entry module &quot;index.html&quot;.
    at getRollupError (file:///tmp/8ddc9a95c53c090/node_modules/rollup/dist/es/shared/parseAst.js:401:41)
    at error (file:///tmp/8ddc9a95c53c090/node_modules/rollup/dist/es/shared/parseAst.js:397:42)
    at ModuleLoader.loadEntryModule (file:///tmp/8ddc9a95c53c090/node_modules/rollup/dist/es/shared/node-entry.js:21463:20)
    at async Promise.all (index 0)
/bin/bash -c &quot;oryx build /tmp/zipdeploy/extracted -o /home/site/wwwroot --platform nodejs --platform-version 22 -p virtualenv_name= --log-file /tmp/build-debug.log  -i /tmp/8ddc9a95c53c090 -p compress_node_modules=tar-gz | tee /tmp/oryx-build.log ; exit $PIPESTATUS &quot;" stackTrace="   at Kudu.Core.Infrastructure.Executable.ExecuteInternal(ITracer tracer, Func`2 onWriteOutput, Func`2 onWriteError, CancellationToken token, Encoding encoding, String arguments, Object[] args) in /tmp/KuduLite/Kudu.Core/Infrastructure/Executable.cs:line 239
   at Kudu.Core.Infrastructure.Executable.ExecuteWithProgressWriter(ILogger logger, ITracer tracer, CancellationToken token, String arguments, Object[] args) in /tmp/KuduLite/Kudu.Core/Infrastructure/Executable.cs:line 118
   at Kudu.Core.Deployment.Generator.ExternalCommandBuilder.RunCommand(DeploymentContext context, String command, Boolean ignoreManifest, CancellationToken token, String message) in /tmp/KuduLite/Kudu.Core/Deployment/Generator/ExternalCommandBuilder.cs:line 122
   at Kudu.Core.Deployment.Generator.OryxBuilder.RunBuildCommand(IOryxArguments args, DeploymentContext context, CancellationToken token) in /tmp/KuduLite/Kudu.Core/Deployment/Generator/OryxBuilder.cs:line 282
   at Kudu.Core.Deployment.Generator.OryxBuilder.Build(DeploymentContext context, CancellationToken token) in /tmp/KuduLite/Kudu.Core/Deployment/Generator/OryxBuilder.cs:line 123
   at Kudu.Core.Deployment.DeploymentManager.Build(ChangeSet changeSet, ITracer tracer, IDisposable deployStep, IRepository repository, DeploymentInfoBase deploymentInfo, DeploymentAnalytics deploymentAnalytics, Boolean fullBuildByDefault, CancellationToken cancellationToken) in /tmp/KuduLite/Kudu.Core/Deployment/DeploymentManager.cs:line 771
   at Kudu.Core.Deployment.DeploymentManager.Build(ChangeSet changeSet, ITracer tracer, IDisposable deployStep, IRepository repository, DeploymentInfoBase deploymentInfo, DeploymentAnalytics deploymentAnalytics, Boolean fullBuildByDefault, CancellationToken cancellationToken) in /tmp/KuduLite/Kudu.Core/Deployment/DeploymentManager.cs:line 840" /><!-- duration: 2ms -->
          <step title="Cleaning up temp files" date="2025-07-23T05:26:23.207" /><!-- duration: 1808ms -->
          <step title="Cleaning up temp files" date="2025-07-23T05:26:25.016" /><!-- duration: 518ms -->
          <step title="Error occurred" date="2025-07-23T05:26:25.558" type="error" text="npm warn deprecated node-domexception@1.0.0: Use your platform&apos;s native DOMException instead
x Build failed in 15ms
error during build:
Could not resolve entry module &quot;index.html&quot;.
    at getRollupError (file:///tmp/8ddc9a95c53c090/node_modules/rollup/dist/es/shared/parseAst.js:401:41)
    at error (file:///tmp/8ddc9a95c53c090/node_modules/rollup/dist/es/shared/parseAst.js:397:42)
    at ModuleLoader.loadEntryModule (file:///tmp/8ddc9a95c53c090/node_modules/rollup/dist/es/shared/node-entry.js:21463:20)
    at async Promise.all (index 0)
/bin/bash -c &quot;oryx build /tmp/zipdeploy/extracted -o /home/site/wwwroot --platform nodejs --platform-version 22 -p virtualenv_name= --log-file /tmp/build-debug.log  -i /tmp/8ddc9a95c53c090 -p compress_node_modules=tar-gz | tee /tmp/oryx-build.log ; exit $PIPESTATUS &quot;" stackTrace="   at Kudu.Core.Infrastructure.Executable.ExecuteInternal(ITracer tracer, Func`2 onWriteOutput, Func`2 onWriteError, CancellationToken token, Encoding encoding, String arguments, Object[] args) in /tmp/KuduLite/Kudu.Core/Infrastructure/Executable.cs:line 239
   at Kudu.Core.Infrastructure.Executable.ExecuteWithProgressWriter(ILogger logger, ITracer tracer, CancellationToken token, String arguments, Object[] args) in /tmp/KuduLite/Kudu.Core/Infrastructure/Executable.cs:line 118
   at Kudu.Core.Deployment.Generator.ExternalCommandBuilder.RunCommand(DeploymentContext context, String command, Boolean ignoreManifest, CancellationToken token, String message) in /tmp/KuduLite/Kudu.Core/Deployment/Generator/ExternalCommandBuilder.cs:line 122
   at Kudu.Core.Deployment.Generator.OryxBuilder.RunBuildCommand(IOryxArguments args, DeploymentContext context, CancellationToken token) in /tmp/KuduLite/Kudu.Core/Deployment/Generator/OryxBuilder.cs:line 282
   at Kudu.Core.Deployment.Generator.OryxBuilder.Build(DeploymentContext context, CancellationToken token) in /tmp/KuduLite/Kudu.Core/Deployment/Generator/OryxBuilder.cs:line 123
   at Kudu.Core.Deployment.DeploymentManager.Build(ChangeSet changeSet, ITracer tracer, IDisposable deployStep, IRepository repository, DeploymentInfoBase deploymentInfo, DeploymentAnalytics deploymentAnalytics, Boolean fullBuildByDefault, CancellationToken cancellationToken) in /tmp/KuduLite/Kudu.Core/Deployment/DeploymentManager.cs:line 771
   at Kudu.Core.Deployment.DeploymentManager.Build(ChangeSet changeSet, ITracer tracer, IDisposable deployStep, IRepository repository, DeploymentInfoBase deploymentInfo, DeploymentAnalytics deploymentAnalytics, Boolean fullBuildByDefault, CancellationToken cancellationToken) in /tmp/KuduLite/Kudu.Core/Deployment/DeploymentManager.cs:line 840
   at Kudu.Core.Deployment.DeploymentManager.DeployAsync(IRepository repository, ChangeSet changeSet, String deployer, Boolean clean, DeploymentInfoBase deploymentInfo, Boolean needFileUpdate, Boolean fullBuildByDefault) in /tmp/KuduLite/Kudu.Core/Deployment/DeploymentManager.cs:line 266" /><!-- duration: 3ms -->
        </step><!-- duration: 46327ms -->
        <step title="Reloading status file with latest updates" date="2025-07-23T05:26:25.592" >
          <step title="WebHooksManager.PublishEventAsync: PostDeployment" date="2025-07-23T05:26:25.593" /><!-- duration: 17ms -->
        </step><!-- duration: 19ms -->
        <step title="Error occurred" date="2025-07-23T05:26:25.612" type="error" text="npm warn deprecated node-domexception@1.0.0: Use your platform&apos;s native DOMException instead
x Build failed in 15ms
error during build:
Could not resolve entry module &quot;index.html&quot;.
    at getRollupError (file:///tmp/8ddc9a95c53c090/node_modules/rollup/dist/es/shared/parseAst.js:401:41)
    at error (file:///tmp/8ddc9a95c53c090/node_modules/rollup/dist/es/shared/parseAst.js:397:42)
    at ModuleLoader.loadEntryModule (file:///tmp/8ddc9a95c53c090/node_modules/rollup/dist/es/shared/node-entry.js:21463:20)
    at async Promise.all (index 0)
/bin/bash -c &quot;oryx build /tmp/zipdeploy/extracted -o /home/site/wwwroot --platform nodejs --platform-version 22 -p virtualenv_name= --log-file /tmp/build-debug.log  -i /tmp/8ddc9a95c53c090 -p compress_node_modules=tar-gz | tee /tmp/oryx-build.log ; exit $PIPESTATUS &quot;" stackTrace="   at Kudu.Core.Infrastructure.Executable.ExecuteInternal(ITracer tracer, Func`2 onWriteOutput, Func`2 onWriteError, CancellationToken token, Encoding encoding, String arguments, Object[] args) in /tmp/KuduLite/Kudu.Core/Infrastructure/Executable.cs:line 239
   at Kudu.Core.Infrastructure.Executable.ExecuteWithProgressWriter(ILogger logger, ITracer tracer, CancellationToken token, String arguments, Object[] args) in /tmp/KuduLite/Kudu.Core/Infrastructure/Executable.cs:line 118
   at Kudu.Core.Deployment.Generator.ExternalCommandBuilder.RunCommand(DeploymentContext context, String command, Boolean ignoreManifest, CancellationToken token, String message) in /tmp/KuduLite/Kudu.Core/Deployment/Generator/ExternalCommandBuilder.cs:line 122
   at Kudu.Core.Deployment.Generator.OryxBuilder.RunBuildCommand(IOryxArguments args, DeploymentContext context, CancellationToken token) in /tmp/KuduLite/Kudu.Core/Deployment/Generator/OryxBuilder.cs:line 282
   at Kudu.Core.Deployment.Generator.OryxBuilder.Build(DeploymentContext context, CancellationToken token) in /tmp/KuduLite/Kudu.Core/Deployment/Generator/OryxBuilder.cs:line 123
   at Kudu.Core.Deployment.DeploymentManager.Build(ChangeSet changeSet, ITracer tracer, IDisposable deployStep, IRepository repository, DeploymentInfoBase deploymentInfo, DeploymentAnalytics deploymentAnalytics, Boolean fullBuildByDefault, CancellationToken cancellationToken) in /tmp/KuduLite/Kudu.Core/Deployment/DeploymentManager.cs:line 771
   at Kudu.Core.Deployment.DeploymentManager.Build(ChangeSet changeSet, ITracer tracer, IDisposable deployStep, IRepository repository, DeploymentInfoBase deploymentInfo, DeploymentAnalytics deploymentAnalytics, Boolean fullBuildByDefault, CancellationToken cancellationToken) in /tmp/KuduLite/Kudu.Core/Deployment/DeploymentManager.cs:line 840
   at Kudu.Core.Deployment.DeploymentManager.DeployAsync(IRepository repository, ChangeSet changeSet, String deployer, Boolean clean, DeploymentInfoBase deploymentInfo, Boolean needFileUpdate, Boolean fullBuildByDefault) in /tmp/KuduLite/Kudu.Core/Deployment/DeploymentManager.cs:line 266" /><!-- duration: 1ms -->
        <step title="Marking deployment as failed and cleaning up the temp deployment" date="2025-07-23T05:26:25.638" /><!-- duration: 1ms -->
      </step><!-- duration: 47797ms -->
      <step title="Error occurred" date="2025-07-23T05:26:25.722" type="error" text="One or more errors occurred. (Deployment failed)" stackTrace="   at System.Threading.Tasks.Task.ThrowIfExceptional(Boolean includeTaskCanceledExceptions)
   at System.Threading.Tasks.Task.Wait(Int32 millisecondsTimeout, CancellationToken cancellationToken)
   at System.Threading.Tasks.Task.Wait()
   at Kudu.Core.Deployment.FetchDeploymentManager.&lt;&gt;c__DisplayClass22_1.&lt;PerformBackgroundDeployment&gt;b__3() in /tmp/KuduLite/Kudu.Core/Deployment/FetchDeploymentManager.cs:line 414
   at Kudu.Contracts.Infrastructure.LockExtensions.TryLockOperation(IOperationLock lockObj, Action operation, String operationName, TimeSpan timeout) in /tmp/KuduLite/Kudu.Contracts/Infrastructure/LockExtensions.cs:line 34
   at Kudu.Contracts.Infrastructure.LockExtensions.LockOperation(IOperationLock lockObj, Action operation, String operationName, TimeSpan timeout) in /tmp/KuduLite/Kudu.Contracts/Infrastructure/LockExtensions.cs:line 46
   at Kudu.Core.Deployment.FetchDeploymentManager.&lt;&gt;c__DisplayClass22_0.&lt;PerformBackgroundDeployment&gt;b__1() in /tmp/KuduLite/Kudu.Core/Deployment/FetchDeploymentManager.cs:line 393" innerText="Deployment failed" innerStackTrace="   at Kudu.Core.Deployment.DeploymentManager.DeployAsync(IRepository repository, ChangeSet changeSet, String deployer, Boolean clean, DeploymentInfoBase deploymentInfo, Boolean needFileUpdate, Boolean fullBuildByDefault) in /tmp/KuduLite/Kudu.Core/Deployment/DeploymentManager.cs:line 307
   at Kudu.Core.Deployment.FetchDeploymentManager.PerformDeployment(DeploymentInfoBase deploymentInfo, IDisposable tempDeployment, ChangeSet tempChangeSet, DeployStatusApiResult updateStatusObj) in /tmp/KuduLite/Kudu.Core/Deployment/FetchDeploymentManager.cs:line 230" /><!-- duration: 1ms -->
    </step><!-- duration: 47819ms -->
