<step title="BackgroundTrace" date="2025-07-23T06:34:34.954" instance="74b796" url="/api/publish" method="POST" >
  <step title="Creating temporary deployment - FetchDeploymentManager" date="2025-07-23T06:34:35.005" /><!-- duration: 2ms -->
  <step title="Creating temporary deployment" date="2025-07-23T06:34:35.009" /><!-- duration: 64ms -->
  <step title="Performing fetch based deployment" date="2025-07-23T06:34:35.083" >
    <step title="Cleaning up temp folders from previous zip deployments and extracting pushed zip file /tmp/zipdeploy/4c4024da-46d5-4908-a88e-befe6e7574fc.zip (120.04 MB) to /tmp/zipdeploy/extracted" date="2025-07-23T06:34:36.233" >
      <step title="ChmodRecursive Process exited with total time taken in ms: 427" date="2025-07-23T06:34:45.597" /><!-- duration: 2ms -->
    </step><!-- duration: 9369ms -->
    <step title="Deployment timer started" date="2025-07-23T06:34:47.608" >
      <step title="DeploymentManager.Deploy(id:9952d95b-27ae-41ca-92ea-530e176c534a)" date="2025-07-23T06:34:47.626" >
        <step title="Collecting changeset information" date="2025-07-23T06:34:47.633" /><!-- duration: 70ms -->
        <step title="Updating submodules" date="2025-07-23T06:34:47.706" /><!-- duration: 1081ms -->
        <step title="Determining deployment builder" date="2025-07-23T06:34:48.954" >
          <step title="Builder is OryxBuilder" date="2025-07-23T06:34:48.963" /><!-- duration: 3ms -->
        </step><!-- duration: 15ms -->
        <step title="PreDeployment: context.CleanOutputPath False" date="2025-07-23T06:34:49.002" >
          <step title="PreDeployment: context.OutputPath /home/site/wwwroot" date="2025-07-23T06:34:49.095" >
            <step title="Building" date="2025-07-23T06:34:49.187" >
              <step title="Executing external process" date="2025-07-23T06:34:49.387" type="process" path="bash" arguments="-c &quot;oryx build /tmp/zipdeploy/extracted -o /home/site/wwwroot --platform nodejs --platform-version 22 -p virtualenv_name= --log-file /tmp/build-debug.log  -i /tmp/8ddc9b305c6e268 -p compress_node_modules=tar-gz | tee /tmp/oryx-build.log ; exit $PIPESTATUS &quot;" /><!-- duration: 28768ms -->
              <step title="Using GenericDeploymentLogParser" date="2025-07-23T06:35:18.430" /><!-- duration: 1ms -->
              <step title="Modified file to trigger a restart of the app container." date="2025-07-23T06:35:19.249" /><!-- duration: 3ms -->
              <step title="Skip function trigger and logicapp sync because function is not enabled." date="2025-07-23T06:35:19.253" /><!-- duration: 1ms -->
            </step><!-- duration: 30750ms -->
          </step><!-- duration: 30848ms -->
          <step title="Cleaning up temp files" date="2025-07-23T06:35:19.945" /><!-- duration: 1392ms -->
          <step title="Cleaning up temp files" date="2025-07-23T06:35:21.347" /><!-- duration: 506ms -->
          <step title="Reloading status file with latest updates" date="2025-07-23T06:35:21.880" >
            <step title="WebHooksManager.PublishEventAsync: PostDeployment" date="2025-07-23T06:35:21.881" /><!-- duration: 21ms -->
          </step><!-- duration: 24ms -->
          <step title="Cleaning up temporary deployment - fetch deployment was successful" date="2025-07-23T06:35:21.908" /><!-- duration: 1ms -->
        </step><!-- duration: 32935ms -->
      </step><!-- duration: 34319ms -->
