<step title="BackgroundTrace" date="2025-07-23T05:37:14.721" instance="74b796" url="/api/publish" method="POST" >
  <step title="Creating temporary deployment - FetchDeploymentManager" date="2025-07-23T05:37:14.761" /><!-- duration: 2ms -->
  <step title="Creating temporary deployment" date="2025-07-23T05:37:14.766" /><!-- duration: 173ms -->
  <step title="Performing fetch based deployment" date="2025-07-23T05:37:14.986" >
    <step title="Cleaning up temp folders from previous zip deployments and extracting pushed zip file /tmp/zipdeploy/2a95dd59-cf1a-4ed8-a814-71bc24a683f6.zip (120.04 MB) to /tmp/zipdeploy/extracted" date="2025-07-23T05:37:16.110" >
      <step title="ChmodRecursive Process exited with total time taken in ms: 432" date="2025-07-23T05:37:23.944" /><!-- duration: 4ms -->
    </step><!-- duration: 7840ms -->
    <step title="Deployment timer started" date="2025-07-23T05:37:25.953" >
      <step title="DeploymentManager.Deploy(id:a2454466-38c9-4d22-8b1a-69893b943a84)" date="2025-07-23T05:37:25.963" >
        <step title="Collecting changeset information" date="2025-07-23T05:37:25.994" /><!-- duration: 245ms -->
        <step title="Updating submodules" date="2025-07-23T05:37:26.241" /><!-- duration: 1081ms -->
        <step title="Determining deployment builder" date="2025-07-23T05:37:27.458" >
          <step title="Builder is OryxBuilder" date="2025-07-23T05:37:27.461" /><!-- duration: 1ms -->
        </step><!-- duration: 13ms -->
        <step title="PreDeployment: context.CleanOutputPath False" date="2025-07-23T05:37:27.496" >
          <step title="PreDeployment: context.OutputPath /home/site/wwwroot" date="2025-07-23T05:37:27.577" >
            <step title="Building" date="2025-07-23T05:37:27.660" >
              <step title="Executing external process" date="2025-07-23T05:37:27.826" type="process" path="bash" arguments="-c &quot;oryx build /tmp/zipdeploy/extracted -o /home/site/wwwroot --platform nodejs --platform-version 22 -p virtualenv_name= --log-file /tmp/build-debug.log  -i /tmp/8ddc9ab027ba443 -p compress_node_modules=tar-gz | tee /tmp/oryx-build.log ; exit $PIPESTATUS &quot;" /><!-- duration: 37469ms -->
              <step title="Using GenericDeploymentLogParser" date="2025-07-23T05:38:05.492" /><!-- duration: 2ms -->
              <step title="Modified file to trigger a restart of the app container." date="2025-07-23T05:38:06.271" /><!-- duration: 1ms -->
              <step title="Skip function trigger and logicapp sync because function is not enabled." date="2025-07-23T05:38:06.276" /><!-- duration: 1ms -->
              <step title="Purge deployment items" date="2025-07-23T05:38:06.867" >
                <step title="Remove f965992f-, Failed, received at 07/23/2025 05:29:55" date="2025-07-23T05:38:06.893" /><!-- duration: 3ms -->
              </step><!-- duration: 41ms -->
            </step><!-- duration: 39300ms -->
          </step><!-- duration: 39395ms -->
          <step title="Cleaning up temp files" date="2025-07-23T05:38:06.974" /><!-- duration: 1351ms -->
          <step title="Cleaning up temp files" date="2025-07-23T05:38:08.328" /><!-- duration: 503ms -->
          <step title="Reloading status file with latest updates" date="2025-07-23T05:38:09.373" >
            <step title="WebHooksManager.PublishEventAsync: PostDeployment" date="2025-07-23T05:38:09.376" /><!-- duration: 20ms -->
          </step><!-- duration: 24ms -->
          <step title="Cleaning up temporary deployment - fetch deployment was successful" date="2025-07-23T05:38:09.400" /><!-- duration: 1ms -->
        </step><!-- duration: 41938ms -->
      </step><!-- duration: 43476ms -->
