<step title="BackgroundTrace" date="2025-07-23T05:29:51.962" instance="74b796" url="/api/publish" method="POST" >
  <step title="Creating temporary deployment - FetchDeploymentManager" date="2025-07-23T05:29:51.983" /><!-- duration: 2ms -->
  <step title="Creating temporary deployment" date="2025-07-23T05:29:52.002" /><!-- duration: 26ms -->
  <step title="Performing fetch based deployment" date="2025-07-23T05:29:52.051" >
    <step title="Cleaning up temp folders from previous zip deployments and extracting pushed zip file /tmp/zipdeploy/3ff7fbee-4617-461a-a98d-c1bcc5638a76.zip (0.23 MB) to /tmp/zipdeploy/extracted" date="2025-07-23T05:29:53.139" >
      <step title="ChmodRecursive Process exited with total time taken in ms: 11" date="2025-07-23T05:29:53.171" /><!-- duration: 4ms -->
    </step><!-- duration: 41ms -->
    <step title="Deployment timer started" date="2025-07-23T05:29:55.183" >
      <step title="DeploymentManager.Deploy(id:f965992f-e586-4ded-a45b-3eb7d6e8ed44)" date="2025-07-23T05:29:55.187" >
        <step title="Collecting changeset information" date="2025-07-23T05:29:55.192" /><!-- duration: 63ms -->
        <step title="Updating submodules" date="2025-07-23T05:29:55.257" /><!-- duration: 1079ms -->
        <step title="Determining deployment builder" date="2025-07-23T05:29:56.483" >
          <step title="Builder is OryxBuilder" date="2025-07-23T05:29:56.487" /><!-- duration: 1ms -->
        </step><!-- duration: 9ms -->
        <step title="PreDeployment: context.CleanOutputPath False" date="2025-07-23T05:29:56.516" >
          <step title="PreDeployment: context.OutputPath /home/site/wwwroot" date="2025-07-23T05:29:56.572" >
            <step title="Building" date="2025-07-23T05:29:56.648" >
              <step title="Executing external process" date="2025-07-23T05:29:56.804" type="process" path="bash" arguments="-c &quot;oryx build /tmp/zipdeploy/extracted -o /home/site/wwwroot --platform nodejs --platform-version 22 -p virtualenv_name= --log-file /tmp/build-debug.log  -i /tmp/8ddc9a9f5ae16c7 -p compress_node_modules=tar-gz | tee /tmp/oryx-build.log ; exit $PIPESTATUS &quot;" >
                <step title="Process dump" date="2025-07-23T05:30:09.886" exitCode="1" type="processOutput" /><!-- duration: 3ms -->
              </step><!-- duration: 13086ms -->
              <step title="Error occurred" date="2025-07-23T05:30:09.894" type="error" text="npm warn deprecated node-domexception@1.0.0: Use your platform&apos;s native DOMException instead
x Build failed in 17ms
error during build:
Could not resolve entry module &quot;index.html&quot;.
    at getRollupError (file:///tmp/8ddc9a9f5ae16c7/node_modules/rollup/dist/es/shared/parseAst.js:396:41)
    at error (file:///tmp/8ddc9a9f5ae16c7/node_modules/rollup/dist/es/shared/parseAst.js:392:42)
    at ModuleLoader.loadEntryModule (file:///tmp/8ddc9a9f5ae16c7/node_modules/rollup/dist/es/shared/node-entry.js:20086:20)
    at async Promise.all (index 0)
/bin/bash -c &quot;oryx build /tmp/zipdeploy/extracted -o /home/site/wwwroot --platform nodejs --platform-version 22 -p virtualenv_name= --log-file /tmp/build-debug.log  -i /tmp/8ddc9a9f5ae16c7 -p compress_node_modules=tar-gz | tee /tmp/oryx-build.log ; exit $PIPESTATUS &quot;" stackTrace="   at Kudu.Core.Infrastructure.Executable.ExecuteInternal(ITracer tracer, Func`2 onWriteOutput, Func`2 onWriteError, CancellationToken token, Encoding encoding, String arguments, Object[] args) in /tmp/KuduLite/Kudu.Core/Infrastructure/Executable.cs:line 239
   at Kudu.Core.Infrastructure.Executable.ExecuteWithProgressWriter(ILogger logger, ITracer tracer, CancellationToken token, String arguments, Object[] args) in /tmp/KuduLite/Kudu.Core/Infrastructure/Executable.cs:line 118
   at Kudu.Core.Deployment.Generator.ExternalCommandBuilder.RunCommand(DeploymentContext context, String command, Boolean ignoreManifest, CancellationToken token, String message) in /tmp/KuduLite/Kudu.Core/Deployment/Generator/ExternalCommandBuilder.cs:line 122" /><!-- duration: 1ms -->
              <step title="Error occurred" date="2025-07-23T05:30:09.898" type="error" text="npm warn deprecated node-domexception@1.0.0: Use your platform&apos;s native DOMException instead
x Build failed in 17ms
error during build:
Could not resolve entry module &quot;index.html&quot;.
    at getRollupError (file:///tmp/8ddc9a9f5ae16c7/node_modules/rollup/dist/es/shared/parseAst.js:396:41)
    at error (file:///tmp/8ddc9a9f5ae16c7/node_modules/rollup/dist/es/shared/parseAst.js:392:42)
    at ModuleLoader.loadEntryModule (file:///tmp/8ddc9a9f5ae16c7/node_modules/rollup/dist/es/shared/node-entry.js:20086:20)
    at async Promise.all (index 0)
/bin/bash -c &quot;oryx build /tmp/zipdeploy/extracted -o /home/site/wwwroot --platform nodejs --platform-version 22 -p virtualenv_name= --log-file /tmp/build-debug.log  -i /tmp/8ddc9a9f5ae16c7 -p compress_node_modules=tar-gz | tee /tmp/oryx-build.log ; exit $PIPESTATUS &quot;" stackTrace="   at Kudu.Core.Infrastructure.Executable.ExecuteInternal(ITracer tracer, Func`2 onWriteOutput, Func`2 onWriteError, CancellationToken token, Encoding encoding, String arguments, Object[] args) in /tmp/KuduLite/Kudu.Core/Infrastructure/Executable.cs:line 239
   at Kudu.Core.Infrastructure.Executable.ExecuteWithProgressWriter(ILogger logger, ITracer tracer, CancellationToken token, String arguments, Object[] args) in /tmp/KuduLite/Kudu.Core/Infrastructure/Executable.cs:line 118
   at Kudu.Core.Deployment.Generator.ExternalCommandBuilder.RunCommand(DeploymentContext context, String command, Boolean ignoreManifest, CancellationToken token, String message) in /tmp/KuduLite/Kudu.Core/Deployment/Generator/ExternalCommandBuilder.cs:line 122
   at Kudu.Core.Deployment.Generator.OryxBuilder.RunBuildCommand(IOryxArguments args, DeploymentContext context, CancellationToken token) in /tmp/KuduLite/Kudu.Core/Deployment/Generator/OryxBuilder.cs:line 282
   at Kudu.Core.Deployment.Generator.OryxBuilder.Build(DeploymentContext context, CancellationToken token) in /tmp/KuduLite/Kudu.Core/Deployment/Generator/OryxBuilder.cs:line 123
   at Kudu.Core.Deployment.DeploymentManager.Build(ChangeSet changeSet, ITracer tracer, IDisposable deployStep, IRepository repository, DeploymentInfoBase deploymentInfo, DeploymentAnalytics deploymentAnalytics, Boolean fullBuildByDefault, CancellationToken cancellationToken) in /tmp/KuduLite/Kudu.Core/Deployment/DeploymentManager.cs:line 771" /><!-- duration: 1ms -->
              <step title="Using GenericDeploymentLogParser" date="2025-07-23T05:30:10.010" /><!-- duration: 3ms -->
              <step title="Purge deployment items" date="2025-07-23T05:30:10.844" >
                <step title="Remove 5494dfb7-, Failed, received at 07/23/2025 05:26:35" date="2025-07-23T05:30:10.877" /><!-- duration: 1ms -->
              </step><!-- duration: 36ms -->
            </step><!-- duration: 14234ms -->
          </step><!-- duration: 14312ms -->
          <step title="Error occurred" date="2025-07-23T05:30:10.886" type="error" text="npm warn deprecated node-domexception@1.0.0: Use your platform&apos;s native DOMException instead
x Build failed in 17ms
error during build:
Could not resolve entry module &quot;index.html&quot;.
    at getRollupError (file:///tmp/8ddc9a9f5ae16c7/node_modules/rollup/dist/es/shared/parseAst.js:396:41)
    at error (file:///tmp/8ddc9a9f5ae16c7/node_modules/rollup/dist/es/shared/parseAst.js:392:42)
    at ModuleLoader.loadEntryModule (file:///tmp/8ddc9a9f5ae16c7/node_modules/rollup/dist/es/shared/node-entry.js:20086:20)
    at async Promise.all (index 0)
/bin/bash -c &quot;oryx build /tmp/zipdeploy/extracted -o /home/site/wwwroot --platform nodejs --platform-version 22 -p virtualenv_name= --log-file /tmp/build-debug.log  -i /tmp/8ddc9a9f5ae16c7 -p compress_node_modules=tar-gz | tee /tmp/oryx-build.log ; exit $PIPESTATUS &quot;" stackTrace="   at Kudu.Core.Infrastructure.Executable.ExecuteInternal(ITracer tracer, Func`2 onWriteOutput, Func`2 onWriteError, CancellationToken token, Encoding encoding, String arguments, Object[] args) in /tmp/KuduLite/Kudu.Core/Infrastructure/Executable.cs:line 239
   at Kudu.Core.Infrastructure.Executable.ExecuteWithProgressWriter(ILogger logger, ITracer tracer, CancellationToken token, String arguments, Object[] args) in /tmp/KuduLite/Kudu.Core/Infrastructure/Executable.cs:line 118
   at Kudu.Core.Deployment.Generator.ExternalCommandBuilder.RunCommand(DeploymentContext context, String command, Boolean ignoreManifest, CancellationToken token, String message) in /tmp/KuduLite/Kudu.Core/Deployment/Generator/ExternalCommandBuilder.cs:line 122
   at Kudu.Core.Deployment.Generator.OryxBuilder.RunBuildCommand(IOryxArguments args, DeploymentContext context, CancellationToken token) in /tmp/KuduLite/Kudu.Core/Deployment/Generator/OryxBuilder.cs:line 282
   at Kudu.Core.Deployment.Generator.OryxBuilder.Build(DeploymentContext context, CancellationToken token) in /tmp/KuduLite/Kudu.Core/Deployment/Generator/OryxBuilder.cs:line 123
   at Kudu.Core.Deployment.DeploymentManager.Build(ChangeSet changeSet, ITracer tracer, IDisposable deployStep, IRepository repository, DeploymentInfoBase deploymentInfo, DeploymentAnalytics deploymentAnalytics, Boolean fullBuildByDefault, CancellationToken cancellationToken) in /tmp/KuduLite/Kudu.Core/Deployment/DeploymentManager.cs:line 771
   at Kudu.Core.Deployment.DeploymentManager.Build(ChangeSet changeSet, ITracer tracer, IDisposable deployStep, IRepository repository, DeploymentInfoBase deploymentInfo, DeploymentAnalytics deploymentAnalytics, Boolean fullBuildByDefault, CancellationToken cancellationToken) in /tmp/KuduLite/Kudu.Core/Deployment/DeploymentManager.cs:line 840" /><!-- duration: 13ms -->
          <step title="Cleaning up temp files" date="2025-07-23T05:30:10.928" /><!-- duration: 1225ms -->
          <step title="Cleaning up temp files" date="2025-07-23T05:30:12.156" /><!-- duration: 511ms -->
          <step title="Error occurred" date="2025-07-23T05:30:12.688" type="error" text="npm warn deprecated node-domexception@1.0.0: Use your platform&apos;s native DOMException instead
x Build failed in 17ms
error during build:
Could not resolve entry module &quot;index.html&quot;.
    at getRollupError (file:///tmp/8ddc9a9f5ae16c7/node_modules/rollup/dist/es/shared/parseAst.js:396:41)
    at error (file:///tmp/8ddc9a9f5ae16c7/node_modules/rollup/dist/es/shared/parseAst.js:392:42)
    at ModuleLoader.loadEntryModule (file:///tmp/8ddc9a9f5ae16c7/node_modules/rollup/dist/es/shared/node-entry.js:20086:20)
    at async Promise.all (index 0)
/bin/bash -c &quot;oryx build /tmp/zipdeploy/extracted -o /home/site/wwwroot --platform nodejs --platform-version 22 -p virtualenv_name= --log-file /tmp/build-debug.log  -i /tmp/8ddc9a9f5ae16c7 -p compress_node_modules=tar-gz | tee /tmp/oryx-build.log ; exit $PIPESTATUS &quot;" stackTrace="   at Kudu.Core.Infrastructure.Executable.ExecuteInternal(ITracer tracer, Func`2 onWriteOutput, Func`2 onWriteError, CancellationToken token, Encoding encoding, String arguments, Object[] args) in /tmp/KuduLite/Kudu.Core/Infrastructure/Executable.cs:line 239
   at Kudu.Core.Infrastructure.Executable.ExecuteWithProgressWriter(ILogger logger, ITracer tracer, CancellationToken token, String arguments, Object[] args) in /tmp/KuduLite/Kudu.Core/Infrastructure/Executable.cs:line 118
   at Kudu.Core.Deployment.Generator.ExternalCommandBuilder.RunCommand(DeploymentContext context, String command, Boolean ignoreManifest, CancellationToken token, String message) in /tmp/KuduLite/Kudu.Core/Deployment/Generator/ExternalCommandBuilder.cs:line 122
   at Kudu.Core.Deployment.Generator.OryxBuilder.RunBuildCommand(IOryxArguments args, DeploymentContext context, CancellationToken token) in /tmp/KuduLite/Kudu.Core/Deployment/Generator/OryxBuilder.cs:line 282
   at Kudu.Core.Deployment.Generator.OryxBuilder.Build(DeploymentContext context, CancellationToken token) in /tmp/KuduLite/Kudu.Core/Deployment/Generator/OryxBuilder.cs:line 123
   at Kudu.Core.Deployment.DeploymentManager.Build(ChangeSet changeSet, ITracer tracer, IDisposable deployStep, IRepository repository, DeploymentInfoBase deploymentInfo, DeploymentAnalytics deploymentAnalytics, Boolean fullBuildByDefault, CancellationToken cancellationToken) in /tmp/KuduLite/Kudu.Core/Deployment/DeploymentManager.cs:line 771
   at Kudu.Core.Deployment.DeploymentManager.Build(ChangeSet changeSet, ITracer tracer, IDisposable deployStep, IRepository repository, DeploymentInfoBase deploymentInfo, DeploymentAnalytics deploymentAnalytics, Boolean fullBuildByDefault, CancellationToken cancellationToken) in /tmp/KuduLite/Kudu.Core/Deployment/DeploymentManager.cs:line 840
   at Kudu.Core.Deployment.DeploymentManager.DeployAsync(IRepository repository, ChangeSet changeSet, String deployer, Boolean clean, DeploymentInfoBase deploymentInfo, Boolean needFileUpdate, Boolean fullBuildByDefault) in /tmp/KuduLite/Kudu.Core/Deployment/DeploymentManager.cs:line 266" /><!-- duration: 2ms -->
        </step><!-- duration: 16178ms -->
        <step title="Reloading status file with latest updates" date="2025-07-23T05:30:12.731" >
          <step title="WebHooksManager.PublishEventAsync: PostDeployment" date="2025-07-23T05:30:12.733" /><!-- duration: 14ms -->
        </step><!-- duration: 19ms -->
        <step title="Error occurred" date="2025-07-23T05:30:12.753" type="error" text="npm warn deprecated node-domexception@1.0.0: Use your platform&apos;s native DOMException instead
x Build failed in 17ms
error during build:
Could not resolve entry module &quot;index.html&quot;.
    at getRollupError (file:///tmp/8ddc9a9f5ae16c7/node_modules/rollup/dist/es/shared/parseAst.js:396:41)
    at error (file:///tmp/8ddc9a9f5ae16c7/node_modules/rollup/dist/es/shared/parseAst.js:392:42)
    at ModuleLoader.loadEntryModule (file:///tmp/8ddc9a9f5ae16c7/node_modules/rollup/dist/es/shared/node-entry.js:20086:20)
    at async Promise.all (index 0)
/bin/bash -c &quot;oryx build /tmp/zipdeploy/extracted -o /home/site/wwwroot --platform nodejs --platform-version 22 -p virtualenv_name= --log-file /tmp/build-debug.log  -i /tmp/8ddc9a9f5ae16c7 -p compress_node_modules=tar-gz | tee /tmp/oryx-build.log ; exit $PIPESTATUS &quot;" stackTrace="   at Kudu.Core.Infrastructure.Executable.ExecuteInternal(ITracer tracer, Func`2 onWriteOutput, Func`2 onWriteError, CancellationToken token, Encoding encoding, String arguments, Object[] args) in /tmp/KuduLite/Kudu.Core/Infrastructure/Executable.cs:line 239
   at Kudu.Core.Infrastructure.Executable.ExecuteWithProgressWriter(ILogger logger, ITracer tracer, CancellationToken token, String arguments, Object[] args) in /tmp/KuduLite/Kudu.Core/Infrastructure/Executable.cs:line 118
   at Kudu.Core.Deployment.Generator.ExternalCommandBuilder.RunCommand(DeploymentContext context, String command, Boolean ignoreManifest, CancellationToken token, String message) in /tmp/KuduLite/Kudu.Core/Deployment/Generator/ExternalCommandBuilder.cs:line 122
   at Kudu.Core.Deployment.Generator.OryxBuilder.RunBuildCommand(IOryxArguments args, DeploymentContext context, CancellationToken token) in /tmp/KuduLite/Kudu.Core/Deployment/Generator/OryxBuilder.cs:line 282
   at Kudu.Core.Deployment.Generator.OryxBuilder.Build(DeploymentContext context, CancellationToken token) in /tmp/KuduLite/Kudu.Core/Deployment/Generator/OryxBuilder.cs:line 123
   at Kudu.Core.Deployment.DeploymentManager.Build(ChangeSet changeSet, ITracer tracer, IDisposable deployStep, IRepository repository, DeploymentInfoBase deploymentInfo, DeploymentAnalytics deploymentAnalytics, Boolean fullBuildByDefault, CancellationToken cancellationToken) in /tmp/KuduLite/Kudu.Core/Deployment/DeploymentManager.cs:line 771
   at Kudu.Core.Deployment.DeploymentManager.Build(ChangeSet changeSet, ITracer tracer, IDisposable deployStep, IRepository repository, DeploymentInfoBase deploymentInfo, DeploymentAnalytics deploymentAnalytics, Boolean fullBuildByDefault, CancellationToken cancellationToken) in /tmp/KuduLite/Kudu.Core/Deployment/DeploymentManager.cs:line 840
   at Kudu.Core.Deployment.DeploymentManager.DeployAsync(IRepository repository, ChangeSet changeSet, String deployer, Boolean clean, DeploymentInfoBase deploymentInfo, Boolean needFileUpdate, Boolean fullBuildByDefault) in /tmp/KuduLite/Kudu.Core/Deployment/DeploymentManager.cs:line 266" /><!-- duration: 1ms -->
        <step title="Marking deployment as failed and cleaning up the temp deployment" date="2025-07-23T05:30:12.776" /><!-- duration: 1ms -->
      </step><!-- duration: 17662ms -->
      <step title="Error occurred" date="2025-07-23T05:30:12.855" type="error" text="One or more errors occurred. (Deployment failed)" stackTrace="   at System.Threading.Tasks.Task.ThrowIfExceptional(Boolean includeTaskCanceledExceptions)
   at System.Threading.Tasks.Task.Wait(Int32 millisecondsTimeout, CancellationToken cancellationToken)
   at System.Threading.Tasks.Task.Wait()
   at Kudu.Core.Deployment.FetchDeploymentManager.&lt;&gt;c__DisplayClass22_1.&lt;PerformBackgroundDeployment&gt;b__3() in /tmp/KuduLite/Kudu.Core/Deployment/FetchDeploymentManager.cs:line 414
   at Kudu.Contracts.Infrastructure.LockExtensions.TryLockOperation(IOperationLock lockObj, Action operation, String operationName, TimeSpan timeout) in /tmp/KuduLite/Kudu.Contracts/Infrastructure/LockExtensions.cs:line 34
   at Kudu.Contracts.Infrastructure.LockExtensions.LockOperation(IOperationLock lockObj, Action operation, String operationName, TimeSpan timeout) in /tmp/KuduLite/Kudu.Contracts/Infrastructure/LockExtensions.cs:line 46
   at Kudu.Core.Deployment.FetchDeploymentManager.&lt;&gt;c__DisplayClass22_0.&lt;PerformBackgroundDeployment&gt;b__1() in /tmp/KuduLite/Kudu.Core/Deployment/FetchDeploymentManager.cs:line 393" innerText="Deployment failed" innerStackTrace="   at Kudu.Core.Deployment.DeploymentManager.DeployAsync(IRepository repository, ChangeSet changeSet, String deployer, Boolean clean, DeploymentInfoBase deploymentInfo, Boolean needFileUpdate, Boolean fullBuildByDefault) in /tmp/KuduLite/Kudu.Core/Deployment/DeploymentManager.cs:line 307
   at Kudu.Core.Deployment.FetchDeploymentManager.PerformDeployment(DeploymentInfoBase deploymentInfo, IDisposable tempDeployment, ChangeSet tempChangeSet, DeployStatusApiResult updateStatusObj) in /tmp/KuduLite/Kudu.Core/Deployment/FetchDeploymentManager.cs:line 230" /><!-- duration: 1ms -->
    </step><!-- duration: 17676ms -->
