<step title="Incoming Request" date="2025-07-23T05:37:41.803" instance="74b796" url="/api/deployments/latest?deployer=OneDeploy&amp;time=2025-07-23_05-37-14Z" method="GET" type="request" pid="821,1,7" Host="valor-assist-service.scm.azurewebsites.net" User-Agent="GITHUBACTIONS_DeployWebAppToAzure_cfa43e3b96d4a97bf0e607e1c865cfbe0455f81f4eb5e843a580846dbb9f8090" Authorization="Bas..." Content-Type="application/json; charset=utf-8" Cookie="ARRAffinity=74b7963c2231fc9181263c18d12b2387429a52cfc6b03fb112f3304619705892;Path=/;HttpOnly;Secure;Domain=valor-assist-service.scm.azurewebsites.net; ARRAffinitySameSite=74b7963c2231fc9181263c18d12b2387429a52cfc6b03fb112f3304619705892;Path=/;HttpOnly;SameSite=None;Secure;Domain=valor-assist-service.scm.azurewebsites.net" Content-Length="0" X-ARR-LOG-ID="57ba0429-42b1-4c69-b447-b194b20c81c9" CLIENT-IP="68.154.54.97:57354" X-SITE-DEPLOYMENT-ID="valor-assist-service" WAS-DEFAULT-HOSTNAME="valor-assist-service.scm.azurewebsites.net" X-Forwarded-Proto="https" X-AppService-Proto="https" X-Forwarded-TlsVersion="1.3" X-WAWS-Unencoded-URL="/api/deployments/latest?deployer=OneDeploy&amp;time=2025-07-23_05-37-14Z" X-Client-IP="68.154.54.97" X-Client-Port="57354" >
  <step title="Cleanup Xml Logs" date="2025-07-23T05:37:41.804" >
    <step title="Cleanup Infos" date="2025-07-23T05:37:41.810" totalFiles="225" totalCleanup="65" /><!-- duration: 1ms -->
  </step><!-- duration: 8ms -->
  <step title="DeploymentService.GetResult" date="2025-07-23T05:37:41.816" >
    <step title="DeploymentService.GetLatestDeployment" date="2025-07-23T05:37:41.817" >
      <step title="DeploymentManager.GetResults" date="2025-07-23T05:37:41.819" /><!-- duration: 316ms -->
    </step><!-- duration: 319ms -->
  </step><!-- duration: 321ms -->
  <step title="Outgoing response" date="2025-07-23T05:37:42.138" type="response" statusCode="202" statusText="Accepted" /><!-- duration: 1ms -->
</step><!-- duration: 339ms -->
