<step title="Incoming Request" date="2025-07-23T06:55:17.257" instance="74b796" url="/api/deployments/latest?deployer=OneDeploy&amp;time=2025-07-23_06-55-11Z" method="GET" type="request" pid="822,1,16" Host="valor-assist-service.scm.azurewebsites.net" User-Agent="GITHUBACTIONS_DeployWebAppToAzure_cfa43e3b96d4a97bf0e607e1c865cfbe0455f81f4eb5e843a580846dbb9f8090" Authorization="Bas..." Content-Type="application/json; charset=utf-8" Cookie="ARRAffinity=74b7963c2231fc9181263c18d12b2387429a52cfc6b03fb112f3304619705892;Path=/;HttpOnly;Secure;Domain=valor-assist-service.scm.azurewebsites.net; ARRAffinitySameSite=74b7963c2231fc9181263c18d12b2387429a52cfc6b03fb112f3304619705892;Path=/;HttpOnly;SameSite=None;Secure;Domain=valor-assist-service.scm.azurewebsites.net" Content-Length="0" X-ARR-LOG-ID="34a0314c-cf41-4913-b772-831c5abd874b" CLIENT-IP="135.232.176.163:53273" X-SITE-DEPLOYMENT-ID="valor-assist-service" WAS-DEFAULT-HOSTNAME="valor-assist-service.scm.azurewebsites.net" X-Forwarded-Proto="https" X-AppService-Proto="https" X-Forwarded-TlsVersion="1.3" X-WAWS-Unencoded-URL="/api/deployments/latest?deployer=OneDeploy&amp;time=2025-07-23_06-55-11Z" X-Client-IP="135.232.176.163" X-Client-Port="53273" >
  <step title="Cleanup Xml Logs" date="2025-07-23T06:55:17.259" >
    <step title="Cleanup Infos" date="2025-07-23T06:55:17.269" totalFiles="282" totalCleanup="122" /><!-- duration: 2ms -->
  </step><!-- duration: 12ms -->
  <step title="DeploymentService.GetResult" date="2025-07-23T06:55:17.282" >
    <step title="DeploymentService.GetLatestDeployment" date="2025-07-23T06:55:17.288" >
      <step title="DeploymentManager.GetResults" date="2025-07-23T06:55:17.289" /><!-- duration: 397ms -->
    </step><!-- duration: 400ms -->
  </step><!-- duration: 408ms -->
  <step title="Outgoing response" date="2025-07-23T06:55:17.693" type="response" statusCode="202" statusText="Accepted" /><!-- duration: 11ms -->
</step><!-- duration: 448ms -->
