<step title="Incoming Request" date="2025-07-23T05:08:14.346" instance="74b796" url="/api/publish?async=true&amp;deployer=GITHUB_ONE_DEPLOY&amp;type=zip&amp;message=%7B%22type%22%3A%22deployment%22%2C%22sha%22%3A%22a912d1275449bff724952ec93016ea62f3c14af2%22%2C%22repoName%22%3A%22genregod%2FValorassist%22%2C%22actor%22%3A%22genregod%22%2C%22slotName%22%3A%22production%22%2C%22commitMessage%22%3A%22%22%7D" method="POST" type="request" pid="821,1,21" Host="valor-assist-service.scm.azurewebsites.net" User-Agent="GITHUBACTIONS_DeployWebAppToAzure_cfa43e3b96d4a97bf0e607e1c865cfbe0455f81f4eb5e843a580846dbb9f8090" Authorization="Bas..." Content-Type="application/octet-stream" Cookie="ARRAffinity=74b7963c2231fc9181263c18d12b2387429a52cfc6b03fb112f3304619705892;Path=/;HttpOnly;Secure;Domain=valor-assist-service.scm.azurewebsites.net; ARRAffinitySameSite=74b7963c2231fc9181263c18d12b2387429a52cfc6b03fb112f3304619705892;Path=/;HttpOnly;SameSite=None;Secure;Domain=valor-assist-service.scm.azurewebsites.net" Transfer-Encoding="chunked" X-ARR-LOG-ID="3b59887b-9162-4d82-b0bc-819d92399d32" CLIENT-IP="135.119.132.144:11200" X-SITE-DEPLOYMENT-ID="valor-assist-service" WAS-DEFAULT-HOSTNAME="valor-assist-service.scm.azurewebsites.net" X-Forwarded-Proto="https" X-AppService-Proto="https" X-Forwarded-TlsVersion="1.3" X-WAWS-Unencoded-URL="/api/publish?async=true&amp;deployer=GITHUB_ONE_DEPLOY&amp;type=zip&amp;message=%7B%22type%22%3A%22deployment%22%2C%22sha%22%3A%22a912d1275449bff724952ec93016ea62f3c14af2%22%2C%22repoName%22%3A%22genregod%2FValorassist%22%2C%22actor%22%3A%22genregod%22%2C%22slotName%22%3A%22production%22%2C%22commitMessage%22%3A%22%22%7D" X-Client-IP="135.119.132.144" X-Client-Port="11200" >
  <step title="OneDeploy" date="2025-07-23T05:08:14.355" >
    <step title="Starting PushDeployAsync" date="2025-07-23T05:08:14.373" /><!-- duration: 2ms -->
    <step title="Writing artifact to /tmp/zipdeploy/7836826c-0d2b-41d9-b97d-051264a1847a.zip" date="2025-07-23T05:08:14.379" >
      <step title="Writing multipart request body to /tmp/zipdeploy/7836826c-0d2b-41d9-b97d-051264a1847a.zip" date="2025-07-23T05:08:14.382" /><!-- duration: 3ms -->
    </step><!-- duration: 11ms -->
    <step title="Start deployment in the background" date="2025-07-23T05:08:14.396" >
      <step title="Acquiring Deployment Lock" date="2025-07-23T05:08:14.403" /><!-- duration: 2ms -->
      <step title="Acquired Deployment Lock" date="2025-07-23T05:08:14.424" /><!-- duration: 9ms -->
    </step><!-- duration: 100ms -->
  </step><!-- duration: 144ms -->
  <step title="Outgoing response" date="2025-07-23T05:08:14.502" type="response" statusCode="202" statusText="Accepted" /><!-- duration: 3ms -->
</step><!-- duration: 161ms -->
