<step title="BackgroundTrace" date="2025-07-23T03:19:57.603" instance="3c7384" url="/api/publish" method="POST" >
  <step title="Creating temporary deployment - FetchDeploymentManager" date="2025-07-23T03:19:57.715" /><!-- duration: 2ms -->
  <step title="Creating temporary deployment" date="2025-07-23T03:19:57.721" /><!-- duration: 89ms -->
  <step title="Performing fetch based deployment" date="2025-07-23T03:19:57.934" >
    <step title="Cleaning up temp folders from previous zip deployments and extracting pushed zip file /tmp/zipdeploy/1411ddc5-842d-4b33-a756-391ca9d72ce0.zip (0.15 MB) to /tmp/zipdeploy/extracted" date="2025-07-23T03:19:59.082" >
      <step title="ChmodRecursive Process exited with total time taken in ms: 59" date="2025-07-23T03:19:59.232" /><!-- duration: 8ms -->
    </step><!-- duration: 176ms -->
    <step title="Deployment timer started" date="2025-07-23T03:20:01.294" >
      <step title="DeploymentManager.Deploy(id:bbd3c925-d81e-42a9-9164-c40b98fe2afb)" date="2025-07-23T03:20:01.304" >
        <step title="Collecting changeset information" date="2025-07-23T03:20:01.380" /><!-- duration: 181ms -->
        <step title="Updating submodules" date="2025-07-23T03:20:01.604" /><!-- duration: 1225ms -->
        <step title="Determining deployment builder" date="2025-07-23T03:20:03.170" >
          <step title="Builder is OneDeployBuilder" date="2025-07-23T03:20:03.198" /><!-- duration: 18ms -->
        </step><!-- duration: 57ms -->
        <step title="PreDeployment: context.CleanOutputPath False" date="2025-07-23T03:20:03.312" >
          <step title="PreDeployment: context.OutputPath /home/site/wwwroot" date="2025-07-23T03:20:03.469" >
            <step title="Building" date="2025-07-23T03:20:03.719" >
              <step title="Executing external process" date="2025-07-23T03:20:04.671" type="process" path="starter.sh" arguments="/opt/Kudu/Scripts/parallel_rsync.sh /tmp/zipdeploy/extracted /home/site/wwwroot 8 /tmp/ False False  " /><!-- duration: 1944ms -->
              <step title="Modified file to trigger a restart of the app container." date="2025-07-23T03:20:06.946" /><!-- duration: 2ms -->
              <step title="Skip function trigger and logicapp sync because function is not enabled." date="2025-07-23T03:20:06.952" /><!-- duration: 6ms -->
            </step><!-- duration: 3865ms -->
          </step><!-- duration: 4132ms -->
          <step title="Cleaning up temp files" date="2025-07-23T03:20:07.604" /><!-- duration: 10ms -->
          <step title="Cleaning up temp files" date="2025-07-23T03:20:07.616" /><!-- duration: 509ms -->
          <step title="Reloading status file with latest updates" date="2025-07-23T03:20:08.159" >
            <step title="WebHooksManager.PublishEventAsync: PostDeployment" date="2025-07-23T03:20:08.170" /><!-- duration: 62ms -->
          </step><!-- duration: 75ms -->
          <step title="Cleaning up temporary deployment - fetch deployment was successful" date="2025-07-23T03:20:08.239" /><!-- duration: 2ms -->
        </step><!-- duration: 5005ms -->
      </step><!-- duration: 7025ms -->
