<step title="BackgroundTrace" date="2025-07-23T06:55:11.282" instance="74b796" url="/api/publish" method="POST" >
  <step title="Cleanup Xml Logs" date="2025-07-23T06:55:11.284" >
    <step title="Cleanup Infos" date="2025-07-23T06:55:11.289" totalFiles="280" totalCleanup="120" /><!-- duration: 1ms -->
  </step><!-- duration: 8ms -->
  <step title="Creating temporary deployment - FetchDeploymentManager" date="2025-07-23T06:55:11.334" /><!-- duration: 1ms -->
  <step title="Creating temporary deployment" date="2025-07-23T06:55:11.337" /><!-- duration: 47ms -->
  <step title="Performing fetch based deployment" date="2025-07-23T06:55:11.402" >
    <step title="Cleaning up temp folders from previous zip deployments and extracting pushed zip file /tmp/zipdeploy/1d0a24a9-bd5e-4743-9d91-ea83f6d2abb5.zip (185.75 MB) to /tmp/zipdeploy/extracted" date="2025-07-23T06:55:12.540" >
      <step title="ChmodRecursive Process exited with total time taken in ms: 261" date="2025-07-23T06:55:32.371" /><!-- duration: 2ms -->
    </step><!-- duration: 19836ms -->
    <step title="Deployment timer started" date="2025-07-23T06:55:34.387" >
      <step title="DeploymentManager.Deploy(id:6c230410-ce4d-41b8-a238-78ff63b6b0a1)" date="2025-07-23T06:55:34.419" >
        <step title="Collecting changeset information" date="2025-07-23T06:55:34.453" /><!-- duration: 350ms -->
        <step title="Updating submodules" date="2025-07-23T06:55:34.810" /><!-- duration: 1099ms -->
        <step title="Determining deployment builder" date="2025-07-23T06:55:36.090" >
          <step title="Builder is OryxBuilder" date="2025-07-23T06:55:36.100" /><!-- duration: 3ms -->
        </step><!-- duration: 16ms -->
        <step title="PreDeployment: context.CleanOutputPath False" date="2025-07-23T06:55:36.157" >
          <step title="PreDeployment: context.OutputPath /home/site/wwwroot" date="2025-07-23T06:55:36.273" >
            <step title="Building" date="2025-07-23T06:55:36.396" >
              <step title="Executing external process" date="2025-07-23T06:55:36.601" type="process" path="bash" arguments="-c &quot;oryx build /tmp/zipdeploy/extracted -o /home/site/wwwroot --platform nodejs --platform-version 22 -p virtualenv_name= --log-file /tmp/build-debug.log  -i /tmp/8ddc9b5ed20dd9f -p compress_node_modules=tar-gz | tee /tmp/oryx-build.log ; exit $PIPESTATUS &quot;" /><!-- duration: 88523ms -->
              <step title="Using GenericDeploymentLogParser" date="2025-07-23T06:57:05.339" /><!-- duration: 2ms -->
              <step title="Modified file to trigger a restart of the app container." date="2025-07-23T06:57:06.079" /><!-- duration: 4ms -->
              <step title="Skip function trigger and logicapp sync because function is not enabled." date="2025-07-23T06:57:06.095" /><!-- duration: 1ms -->
            </step><!-- duration: 90460ms -->
          </step><!-- duration: 90588ms -->
          <step title="Cleaning up temp files" date="2025-07-23T06:57:06.862" /><!-- duration: 7637ms -->
          <step title="Cleaning up temp files" date="2025-07-23T06:57:14.502" /><!-- duration: 508ms -->
          <step title="Reloading status file with latest updates" date="2025-07-23T06:57:15.063" >
            <step title="WebHooksManager.PublishEventAsync: PostDeployment" date="2025-07-23T06:57:15.066" /><!-- duration: 26ms -->
          </step><!-- duration: 30ms -->
          <step title="Cleaning up temporary deployment - fetch deployment was successful" date="2025-07-23T06:57:15.097" /><!-- duration: 14ms -->
        </step><!-- duration: 98981ms -->
      </step><!-- duration: 100726ms -->
