<step title="Incoming Request" date="2025-07-23T05:29:57.669" instance="74b796" url="/api/deployments/latest?deployer=OneDeploy&amp;time=2025-07-23_05-29-52Z" method="GET" type="request" pid="821,1,27" Host="valor-assist-service.scm.azurewebsites.net" User-Agent="GITHUBACTIONS_DeployWebAppToAzure_cfa43e3b96d4a97bf0e607e1c865cfbe0455f81f4eb5e843a580846dbb9f8090" Authorization="Bas..." Content-Type="application/json; charset=utf-8" Cookie="ARRAffinity=74b7963c2231fc9181263c18d12b2387429a52cfc6b03fb112f3304619705892;Path=/;HttpOnly;Secure;Domain=valor-assist-service.scm.azurewebsites.net; ARRAffinitySameSite=74b7963c2231fc9181263c18d12b2387429a52cfc6b03fb112f3304619705892;Path=/;HttpOnly;SameSite=None;Secure;Domain=valor-assist-service.scm.azurewebsites.net" Content-Length="0" X-ARR-LOG-ID="ea93a959-c70e-4772-b53e-810b863ff372" CLIENT-IP="64.236.134.35:22593" X-SITE-DEPLOYMENT-ID="valor-assist-service" WAS-DEFAULT-HOSTNAME="valor-assist-service.scm.azurewebsites.net" X-Forwarded-Proto="https" X-AppService-Proto="https" X-Forwarded-TlsVersion="1.3" X-WAWS-Unencoded-URL="/api/deployments/latest?deployer=OneDeploy&amp;time=2025-07-23_05-29-52Z" X-Client-IP="64.236.134.35" X-Client-Port="22593" >
  <step title="Cleanup Xml Logs" date="2025-07-23T05:29:57.671" >
    <step title="Cleanup Infos" date="2025-07-23T05:29:57.680" totalFiles="210" totalCleanup="50" /><!-- duration: 2ms -->
  </step><!-- duration: 13ms -->
  <step title="DeploymentService.GetResult" date="2025-07-23T05:29:57.690" >
    <step title="DeploymentService.GetLatestDeployment" date="2025-07-23T05:29:57.693" >
      <step title="DeploymentManager.GetResults" date="2025-07-23T05:29:57.705" /><!-- duration: 279ms -->
    </step><!-- duration: 292ms -->
  </step><!-- duration: 297ms -->
  <step title="Outgoing response" date="2025-07-23T05:29:57.989" type="response" statusCode="202" statusText="Accepted" /><!-- duration: 2ms -->
</step><!-- duration: 324ms -->
