<step title="Incoming Request" date="2025-07-23T06:09:55.095" instance="74b796" url="/api/deployments/latest?deployer=OneDeploy&amp;time=2025-07-23_06-09-43Z" method="GET" type="request" pid="821,1,20" Host="valor-assist-service.scm.azurewebsites.net" User-Agent="GITHUBACTIONS_DeployWebAppToAzure_cfa43e3b96d4a97bf0e607e1c865cfbe0455f81f4eb5e843a580846dbb9f8090" Authorization="Bas..." Content-Type="application/json; charset=utf-8" Cookie="ARRAffinity=74b7963c2231fc9181263c18d12b2387429a52cfc6b03fb112f3304619705892;Path=/;HttpOnly;Secure;Domain=valor-assist-service.scm.azurewebsites.net; ARRAffinitySameSite=74b7963c2231fc9181263c18d12b2387429a52cfc6b03fb112f3304619705892;Path=/;HttpOnly;SameSite=None;Secure;Domain=valor-assist-service.scm.azurewebsites.net" Content-Length="0" X-ARR-LOG-ID="badd680b-edc9-4e87-bfb4-16ea04050f21" CLIENT-IP="52.165.58.33:45066" X-SITE-DEPLOYMENT-ID="valor-assist-service" WAS-DEFAULT-HOSTNAME="valor-assist-service.scm.azurewebsites.net" X-Forwarded-Proto="https" X-AppService-Proto="https" X-Forwarded-TlsVersion="1.3" X-WAWS-Unencoded-URL="/api/deployments/latest?deployer=OneDeploy&amp;time=2025-07-23_06-09-43Z" X-Client-IP="52.165.58.33" X-Client-Port="45066" >
  <step title="Cleanup Xml Logs" date="2025-07-23T06:09:55.098" >
    <step title="Cleanup Infos" date="2025-07-23T06:09:55.111" totalFiles="247" totalCleanup="87" /><!-- duration: 3ms -->
  </step><!-- duration: 19ms -->
  <step title="DeploymentService.GetResult" date="2025-07-23T06:09:55.124" >
    <step title="DeploymentService.GetLatestDeployment" date="2025-07-23T06:09:55.128" >
      <step title="DeploymentManager.GetResults" date="2025-07-23T06:09:55.131" /><!-- duration: 588ms -->
    </step><!-- duration: 595ms -->
  </step><!-- duration: 601ms -->
  <step title="Outgoing response" date="2025-07-23T06:09:55.731" type="response" statusCode="202" statusText="Accepted" /><!-- duration: 3ms -->
</step><!-- duration: 641ms -->
