<step title="Incoming Request" date="2025-07-23T06:56:42.026" instance="74b796" url="/api/publish?async=true&amp;deployer=GITHUB_ONE_DEPLOY&amp;type=zip&amp;message=%7B%22type%22%3A%22deployment%22%2C%22sha%22%3A%22608ce6f75634c008f2cf9fbad37d2c05ae7c5fb0%22%2C%22repoName%22%3A%22genregod%2FValorassist%22%2C%22actor%22%3A%22genregod%22%2C%22slotName%22%3A%22production%22%2C%22commitMessage%22%3A%22Add%20Application%20Insights%20integration%20and%20comprehensive%20logging%22%7D" method="POST" type="request" pid="822,1,16" Host="valor-assist-service.scm.azurewebsites.net" User-Agent="GITHUBACTIONS_DeployWebAppToAzure_cfa43e3b96d4a97bf0e607e1c865cfbe0455f81f4eb5e843a580846dbb9f8090" Authorization="Bas..." Content-Type="application/octet-stream" Cookie="ARRAffinity=74b7963c2231fc9181263c18d12b2387429a52cfc6b03fb112f3304619705892;Path=/;HttpOnly;Secure;Domain=valor-assist-service.scm.azurewebsites.net; ARRAffinitySameSite=74b7963c2231fc9181263c18d12b2387429a52cfc6b03fb112f3304619705892;Path=/;HttpOnly;SameSite=None;Secure;Domain=valor-assist-service.scm.azurewebsites.net" Transfer-Encoding="chunked" X-ARR-LOG-ID="8b282581-2c2d-4825-9a58-aab31e2f3569" CLIENT-IP="20.161.30.49:43017" X-SITE-DEPLOYMENT-ID="valor-assist-service" WAS-DEFAULT-HOSTNAME="valor-assist-service.scm.azurewebsites.net" X-Forwarded-Proto="https" X-AppService-Proto="https" X-Forwarded-TlsVersion="1.3" X-WAWS-Unencoded-URL="/api/publish?async=true&amp;deployer=GITHUB_ONE_DEPLOY&amp;type=zip&amp;message=%7B%22type%22%3A%22deployment%22%2C%22sha%22%3A%22608ce6f75634c008f2cf9fbad37d2c05ae7c5fb0%22%2C%22repoName%22%3A%22genregod%2FValorassist%22%2C%22actor%22%3A%22genregod%22%2C%22slotName%22%3A%22production%22%2C%22commitMessage%22%3A%22Add%20Application%20Insights%20integration%20and%20comprehensive%20logging%22%7D" X-Client-IP="20.161.30.49" X-Client-Port="43017" >
  <step title="Cleanup Xml Logs" date="2025-07-23T06:56:42.036" >
    <step title="Cleanup Infos" date="2025-07-23T06:56:42.054" totalFiles="303" totalCleanup="143" /><!-- duration: 1ms -->
  </step><!-- duration: 21ms -->
  <step title="OneDeploy" date="2025-07-23T06:56:42.074" >
    <step title="Starting PushDeployAsync" date="2025-07-23T06:56:42.087" /><!-- duration: 1ms -->
    <step title="Writing artifact to /tmp/zipdeploy/ec27face-8a2b-498a-8643-8451c73b6126.zip" date="2025-07-23T06:56:42.106" >
      <step title="Writing multipart request body to /tmp/zipdeploy/ec27face-8a2b-498a-8643-8451c73b6126.zip" date="2025-07-23T06:56:42.108" /><!-- duration: 1ms -->
    </step><!-- duration: 2032ms -->
    <step title="Start deployment in the background" date="2025-07-23T06:56:44.156" >
      <step title="Acquiring Deployment Lock" date="2025-07-23T06:56:44.168" /><!-- duration: 1ms -->
      <step title="Cannot Acquire Deployment Lock already held" date="2025-07-23T06:56:44.173" /><!-- duration: 1ms -->
    </step><!-- duration: 193ms -->
    <step title="There is a deployment currently in progress. Please try again when it completes." date="2025-07-23T06:56:44.351" /><!-- duration: 8ms -->
  </step><!-- duration: 2286ms -->
  <step title="Outgoing response" date="2025-07-23T06:56:44.363" type="response" statusCode="409" statusText="Conflict" /><!-- duration: 1ms -->
</step><!-- duration: 2341ms -->
