<step title="Incoming Request" date="2025-07-23T05:29:51.886" instance="74b796" url="/api/publish?async=true&amp;deployer=GITHUB_ONE_DEPLOY&amp;type=zip&amp;message=%7B%22type%22%3A%22deployment%22%2C%22sha%22%3A%2203a1cae462e1c70a0eeb047a3ac0e6832333c814%22%2C%22repoName%22%3A%22genregod%2FValorassist%22%2C%22actor%22%3A%22genregod%22%2C%22slotName%22%3A%22production%22%2C%22commitMessage%22%3A%22Update%20azure-deploy.yml%22%7D" method="POST" type="request" pid="821,1,24" Host="valor-assist-service.scm.azurewebsites.net" User-Agent="GITHUBACTIONS_DeployWebAppToAzure_cfa43e3b96d4a97bf0e607e1c865cfbe0455f81f4eb5e843a580846dbb9f8090" Authorization="Bas..." Content-Type="application/octet-stream" Cookie="ARRAffinity=74b7963c2231fc9181263c18d12b2387429a52cfc6b03fb112f3304619705892;Path=/;HttpOnly;Secure;Domain=valor-assist-service.scm.azurewebsites.net; ARRAffinitySameSite=74b7963c2231fc9181263c18d12b2387429a52cfc6b03fb112f3304619705892;Path=/;HttpOnly;SameSite=None;Secure;Domain=valor-assist-service.scm.azurewebsites.net" Transfer-Encoding="chunked" X-ARR-LOG-ID="e88b263f-6bc8-4dac-9561-a68f38a8cd0a" CLIENT-IP="64.236.134.35:22592" X-SITE-DEPLOYMENT-ID="valor-assist-service" WAS-DEFAULT-HOSTNAME="valor-assist-service.scm.azurewebsites.net" X-Forwarded-Proto="https" X-AppService-Proto="https" X-Forwarded-TlsVersion="1.3" X-WAWS-Unencoded-URL="/api/publish?async=true&amp;deployer=GITHUB_ONE_DEPLOY&amp;type=zip&amp;message=%7B%22type%22%3A%22deployment%22%2C%22sha%22%3A%2203a1cae462e1c70a0eeb047a3ac0e6832333c814%22%2C%22repoName%22%3A%22genregod%2FValorassist%22%2C%22actor%22%3A%22genregod%22%2C%22slotName%22%3A%22production%22%2C%22commitMessage%22%3A%22Update%20azure-deploy.yml%22%7D" X-Client-IP="64.236.134.35" X-Client-Port="22592" >
  <step title="OneDeploy" date="2025-07-23T05:29:51.891" >
    <step title="Starting PushDeployAsync" date="2025-07-23T05:29:51.894" /><!-- duration: 1ms -->
    <step title="Writing artifact to /tmp/zipdeploy/3ff7fbee-4617-461a-a98d-c1bcc5638a76.zip" date="2025-07-23T05:29:51.899" >
      <step title="Writing multipart request body to /tmp/zipdeploy/3ff7fbee-4617-461a-a98d-c1bcc5638a76.zip" date="2025-07-23T05:29:51.900" /><!-- duration: 1ms -->
    </step><!-- duration: 58ms -->
    <step title="Start deployment in the background" date="2025-07-23T05:29:51.960" >
      <step title="Acquiring Deployment Lock" date="2025-07-23T05:29:51.965" /><!-- duration: 1ms -->
      <step title="Acquired Deployment Lock" date="2025-07-23T05:29:51.981" /><!-- duration: 1ms -->
    </step><!-- duration: 69ms -->
  </step><!-- duration: 139ms -->
  <step title="Outgoing response" date="2025-07-23T05:29:52.032" type="response" statusCode="202" statusText="Accepted" /><!-- duration: 1ms -->
</step><!-- duration: 148ms -->
