<step title="Incoming Request" date="2025-07-23T05:25:46.609" instance="74b796" url="/api/publish?async=true&amp;deployer=GITHUB_ONE_DEPLOY&amp;type=zip&amp;message=%7B%22type%22%3A%22deployment%22%2C%22sha%22%3A%22b69f89b60abe82c980269621dfa3fbeb0613b886%22%2C%22repoName%22%3A%22genregod%2FValorassist%22%2C%22actor%22%3A%22genregod%22%2C%22slotName%22%3A%22production%22%2C%22commitMessage%22%3A%22Update%20main_valor-assist-service.yml%22%7D" method="POST" type="request" pid="821,1,29" Host="valor-assist-service.scm.azurewebsites.net" User-Agent="GITHUBACTIONS_DeployWebAppToAzure_cfa43e3b96d4a97bf0e607e1c865cfbe0455f81f4eb5e843a580846dbb9f8090" Authorization="Bas..." Content-Type="application/octet-stream" Cookie="ARRAffinity=74b7963c2231fc9181263c18d12b2387429a52cfc6b03fb112f3304619705892;Path=/;HttpOnly;Secure;Domain=valor-assist-service.scm.azurewebsites.net; ARRAffinitySameSite=74b7963c2231fc9181263c18d12b2387429a52cfc6b03fb112f3304619705892;Path=/;HttpOnly;SameSite=None;Secure;Domain=valor-assist-service.scm.azurewebsites.net" Transfer-Encoding="chunked" X-ARR-LOG-ID="b23bac6c-a867-4336-aae4-6dd7afd0669b" CLIENT-IP="52.157.2.242:44033" X-SITE-DEPLOYMENT-ID="valor-assist-service" WAS-DEFAULT-HOSTNAME="valor-assist-service.scm.azurewebsites.net" X-Forwarded-Proto="https" X-AppService-Proto="https" X-Forwarded-TlsVersion="1.3" X-WAWS-Unencoded-URL="/api/publish?async=true&amp;deployer=GITHUB_ONE_DEPLOY&amp;type=zip&amp;message=%7B%22type%22%3A%22deployment%22%2C%22sha%22%3A%22b69f89b60abe82c980269621dfa3fbeb0613b886%22%2C%22repoName%22%3A%22genregod%2FValorassist%22%2C%22actor%22%3A%22genregod%22%2C%22slotName%22%3A%22production%22%2C%22commitMessage%22%3A%22Update%20main_valor-assist-service.yml%22%7D" X-Client-IP="52.157.2.242" X-Client-Port="44033" >
  <step title="OneDeploy" date="2025-07-23T05:25:46.613" >
    <step title="Starting PushDeployAsync" date="2025-07-23T05:25:46.616" /><!-- duration: 1ms -->
    <step title="Writing artifact to /tmp/zipdeploy/239441d4-d6c4-40ea-994a-a101690bcf4d.zip" date="2025-07-23T05:25:46.624" >
      <step title="Writing multipart request body to /tmp/zipdeploy/239441d4-d6c4-40ea-994a-a101690bcf4d.zip" date="2025-07-23T05:25:46.634" /><!-- duration: 14ms -->
    </step><!-- duration: 133ms -->
    <step title="Start deployment in the background" date="2025-07-23T05:25:46.761" >
      <step title="Acquiring Deployment Lock" date="2025-07-23T05:25:46.786" /><!-- duration: 1ms -->
      <step title="Cannot Acquire Deployment Lock already held" date="2025-07-23T05:25:46.789" /><!-- duration: 1ms -->
    </step><!-- duration: 56ms -->
    <step title="There is a deployment currently in progress. Please try again when it completes." date="2025-07-23T05:25:46.822" /><!-- duration: 10ms -->
  </step><!-- duration: 222ms -->
  <step title="Outgoing response" date="2025-07-23T05:25:46.848" type="response" statusCode="409" statusText="Conflict" /><!-- duration: 4ms -->
</step><!-- duration: 247ms -->
