<step title="Incoming Request" date="2025-07-22T19:20:34.256" instance="3c7384" url="/api/publish?type=zip" method="POST" type="request" pid="772,1,19" Accept="*/*" Host="valor-assist-service.scm.azurewebsites.net" User-Agent="AZURECLI/2.60.0 (PIP)" Accept-Encoding="gzip, deflate, br" Authorization="Bas..." Cache-Control="no-cache" Content-Type="application/octet-stream" Content-Length="152512091" x-ms-client-request-id="ebebc54b-6730-11f0-83ae-fdc23dbb8cef" X-ARR-LOG-ID="ebebc54b-6730-11f0-83ae-fdc23dbb8cef" CLIENT-IP="34.74.124.181:55956" X-SITE-DEPLOYMENT-ID="valor-assist-service" WAS-DEFAULT-HOSTNAME="valor-assist-service.scm.azurewebsites.net" X-Forwarded-Proto="https" X-AppService-Proto="https" X-Forwarded-TlsVersion="1.3" X-WAWS-Unencoded-URL="/api/publish?type=zip" X-Client-IP="34.74.124.181" X-Client-Port="55956" >
  <step title="Cleanup Xml Logs" date="2025-07-22T19:20:34.259" /><!-- duration: 5ms -->
  <step title="OneDeploy" date="2025-07-22T19:20:34.574" >
    <step title="None repository commit" date="2025-07-22T19:20:34.597" >
      <step title="Commit id: 68f46bba-b229-474e-8d57-12c18de5caf6" date="2025-07-22T19:20:34.602" Message="N/A" AuthorName="N/A" AuthorEmail="N/A" /><!-- duration: 2ms -->
    </step><!-- duration: 10ms -->
    <step title="Starting PushDeployAsync" date="2025-07-22T19:20:34.610" /><!-- duration: 2ms -->
    <step title="Writing artifact to /tmp/zipdeploy/b867eeaa-5f50-41e1-aa2d-a0a160ad2f94.zip" date="2025-07-22T19:20:34.639" >
      <step title="Writing multipart request body to /tmp/zipdeploy/b867eeaa-5f50-41e1-aa2d-a0a160ad2f94.zip" date="2025-07-22T19:20:34.646" /><!-- duration: 8ms -->
    </step><!-- duration: 25320ms -->
    <step title="Attempting to fetch target branch HEAD" date="2025-07-22T19:20:59.982" /><!-- duration: 3ms -->
    <step title="Acquiring Deployment Lock" date="2025-07-22T19:20:59.998" /><!-- duration: 3ms -->
    <step title="Acquired Deployment Lock" date="2025-07-22T19:21:00.093" /><!-- duration: 3ms -->
    <step title="Performing fetch based deployment" date="2025-07-22T19:21:00.137" >
      <step title="Creating temporary deployment" date="2025-07-22T19:21:00.151" /><!-- duration: 212ms -->
      <step title="Releasing Deployment Lock" date="2025-07-22T19:21:01.718" /><!-- duration: 6ms -->
      <step title="Cleaning up temp folders from previous zip deployments and extracting pushed zip file /tmp/zipdeploy/b867eeaa-5f50-41e1-aa2d-a0a160ad2f94.zip (145.45 MB) to /tmp/zipdeploy/extracted" date="2025-07-22T19:21:01.757" >
        <step title="ChmodRecursive Process exited with total time taken in ms: 295" date="2025-07-22T19:21:51.702" /><!-- duration: 10ms -->
      </step><!-- duration: 49973ms -->
      <step title="None repository commit" date="2025-07-22T19:21:51.736" >
        <step title="Commit id: 68f46bba-b229-474e-8d57-12c18de5caf6" date="2025-07-22T19:21:51.763" Message="OneDeploy" AuthorName="N/A" AuthorEmail="N/A" /><!-- duration: 2ms -->
      </step><!-- duration: 32ms -->
      <step title="Deployment timer started" date="2025-07-22T19:21:53.782" >
        <step title="DeploymentManager.Deploy(id:68f46bba-b229-474e-8d57-12c18de5caf6)" date="2025-07-22T19:21:53.811" >
          <step title="Collecting changeset information" date="2025-07-22T19:21:53.831" /><!-- duration: 88ms -->
          <step title="Updating submodules" date="2025-07-22T19:21:53.925" /><!-- duration: 1094ms -->
          <step title="Determining deployment builder" date="2025-07-22T19:21:55.186" >
            <step title="Builder is OneDeployBuilder" date="2025-07-22T19:21:55.201" /><!-- duration: 2ms -->
          </step><!-- duration: 19ms -->
          <step title="PreDeployment: context.CleanOutputPath False" date="2025-07-22T19:21:55.245" >
            <step title="PreDeployment: context.OutputPath /home/site/wwwroot" date="2025-07-22T19:21:55.331" >
              <step title="Building" date="2025-07-22T19:21:55.432" >
                <step title="Executing external process" date="2025-07-22T19:21:56.000" type="process" path="starter.sh" arguments="/opt/Kudu/Scripts/absoluteTar.sh /tmp/zipdeploy/extracted/node_modules /tmp/zipdeploy/extracted/node_modules.tar.gz" >
                  <step title="Cpu: gzip(6239,33.250s)+sh(6238,0.000s)+tar(6237,1.230s)+absoluteTar.sh(6236,0.010s)=total(34.480s)" date="2025-07-22T19:22:56.636" /><!-- duration: 10ms -->
                  <step title="starter.sh: no io activity for 60s, prev-cpu=-1.000s, current-cpu=34.480s" date="2025-07-22T19:22:56.661" /><!-- duration: 2ms -->
                </step><!-- duration: 120979ms -->
                <step title="Executing external process" date="2025-07-22T19:23:57.468" type="process" path="starter.sh" arguments="/opt/Kudu/Scripts/parallel_rsync.sh /tmp/zipdeploy/extracted /home/site/wwwroot 8 /tmp/ False False node_modules " /><!-- duration: 12756ms -->
                <step title="Modified file to trigger a restart of the app container." date="2025-07-22T19:24:11.150" /><!-- duration: 9ms -->
                <step title="Skip function trigger and logicapp sync because function is not enabled." date="2025-07-22T19:24:11.195" /><!-- duration: 3ms -->
              </step><!-- duration: 136532ms -->
            </step><!-- duration: 136639ms -->
            <step title="Cleaning up temp files" date="2025-07-22T19:24:11.972" /><!-- duration: 6ms -->
            <step title="Cleaning up temp files" date="2025-07-22T19:24:11.980" /><!-- duration: 518ms -->
            <step title="Reloading status file with latest updates" date="2025-07-22T19:24:12.631" >
              <step title="WebHooksManager.PublishEventAsync: PostDeployment" date="2025-07-22T19:24:12.640" /><!-- duration: 91ms -->
            </step><!-- duration: 102ms -->
            <step title="Cleaning up temporary deployment - fetch deployment was successful" date="2025-07-22T19:24:12.739" /><!-- duration: 3ms -->
          </step><!-- duration: 137596ms -->
        </step><!-- duration: 139055ms -->
        <step title="Outgoing response" date="2025-07-22T19:24:12.933" type="response" statusCode="200" statusText="OK" /><!-- duration: 2ms -->
      </step><!-- duration: 139155ms -->
