<step title="Incoming Request" date="2025-07-23T05:14:22.795" instance="74b796" url="/api/publish?async=true&amp;deployer=GITHUB_ONE_DEPLOY&amp;type=zip&amp;message=%7B%22type%22%3A%22deployment%22%2C%22sha%22%3A%226881679ac814a5220c95bebc780461c94f7344ec%22%2C%22repoName%22%3A%22genregod%2FValorassist%22%2C%22actor%22%3A%22genregod%22%2C%22slotName%22%3A%22production%22%2C%22commitMessage%22%3A%22Update%20azure-deploy.yml%22%7D" method="POST" type="request" pid="821,1,7" Host="valor-assist-service.scm.azurewebsites.net" User-Agent="GITHUBACTIONS_DeployWebAppToAzure_cfa43e3b96d4a97bf0e607e1c865cfbe0455f81f4eb5e843a580846dbb9f8090" Authorization="Bas..." Content-Type="application/octet-stream" Cookie="ARRAffinity=74b7963c2231fc9181263c18d12b2387429a52cfc6b03fb112f3304619705892;Path=/;HttpOnly;Secure;Domain=valor-assist-service.scm.azurewebsites.net; ARRAffinitySameSite=74b7963c2231fc9181263c18d12b2387429a52cfc6b03fb112f3304619705892;Path=/;HttpOnly;SameSite=None;Secure;Domain=valor-assist-service.scm.azurewebsites.net" Transfer-Encoding="chunked" X-ARR-LOG-ID="36a6e452-62a5-4bb5-896c-a3cf16da6dce" CLIENT-IP="172.172.157.1:61448" X-SITE-DEPLOYMENT-ID="valor-assist-service" WAS-DEFAULT-HOSTNAME="valor-assist-service.scm.azurewebsites.net" X-Forwarded-Proto="https" X-AppService-Proto="https" X-Forwarded-TlsVersion="1.3" X-WAWS-Unencoded-URL="/api/publish?async=true&amp;deployer=GITHUB_ONE_DEPLOY&amp;type=zip&amp;message=%7B%22type%22%3A%22deployment%22%2C%22sha%22%3A%226881679ac814a5220c95bebc780461c94f7344ec%22%2C%22repoName%22%3A%22genregod%2FValorassist%22%2C%22actor%22%3A%22genregod%22%2C%22slotName%22%3A%22production%22%2C%22commitMessage%22%3A%22Update%20azure-deploy.yml%22%7D" X-Client-IP="172.172.157.1" X-Client-Port="61448" >
  <step title="OneDeploy" date="2025-07-23T05:14:22.817" >
    <step title="Starting PushDeployAsync" date="2025-07-23T05:14:22.820" /><!-- duration: 1ms -->
    <step title="Writing artifact to /tmp/zipdeploy/461167fb-eec8-45c3-96c4-9a5c73b89bce.zip" date="2025-07-23T05:14:22.825" >
      <step title="Writing multipart request body to /tmp/zipdeploy/461167fb-eec8-45c3-96c4-9a5c73b89bce.zip" date="2025-07-23T05:14:22.826" /><!-- duration: 1ms -->
    </step><!-- duration: 6ms -->
    <step title="Start deployment in the background" date="2025-07-23T05:14:22.834" >
      <step title="Acquiring Deployment Lock" date="2025-07-23T05:14:22.838" /><!-- duration: 1ms -->
      <step title="Acquired Deployment Lock" date="2025-07-23T05:14:22.855" /><!-- duration: 2ms -->
    </step><!-- duration: 66ms -->
  </step><!-- duration: 86ms -->
  <step title="Outgoing response" date="2025-07-23T05:14:22.916" type="response" statusCode="202" statusText="Accepted" /><!-- duration: 1ms -->
</step><!-- duration: 125ms -->
