<step title="Incoming Request" date="2025-07-23T03:20:11.730" instance="3c7384" url="/api/publish?async=true&amp;deployer=GITHUB_ONE_DEPLOY&amp;type=zip&amp;message=%7B%22type%22%3A%22deployment%22%2C%22sha%22%3A%224cd0c667ff8eb73afe393dd1d39b068fbe5cf6ce%22%2C%22repoName%22%3A%22genregod%2FValorassist%22%2C%22actor%22%3A%22genregod%22%2C%22slotName%22%3A%22production%22%2C%22commitMessage%22%3A%22Remove%20files%20containing%20secrets%20and%20update%20.gitignore%22%7D" method="POST" type="request" pid="823,1,40" Host="valor-assist-service.scm.azurewebsites.net" User-Agent="GITHUBACTIONS_DeployWebAppToAzure_cfa43e3b96d4a97bf0e607e1c865cfbe0455f81f4eb5e843a580846dbb9f8090" Authorization="Bas..." Content-Type="application/octet-stream" Cookie="ARRAffinity=3c7384df99afa25c867916dc1d7352186bb3374caea7a58762f0c1b083c2be1d;Path=/;HttpOnly;Secure;Domain=valor-assist-service.scm.azurewebsites.net; ARRAffinitySameSite=3c7384df99afa25c867916dc1d7352186bb3374caea7a58762f0c1b083c2be1d;Path=/;HttpOnly;SameSite=None;Secure;Domain=valor-assist-service.scm.azurewebsites.net" Transfer-Encoding="chunked" X-ARR-LOG-ID="4114346c-a594-4070-a79e-4bc200cf57fb" CLIENT-IP="20.49.61.51:24600" X-SITE-DEPLOYMENT-ID="valor-assist-service" WAS-DEFAULT-HOSTNAME="valor-assist-service.scm.azurewebsites.net" X-Forwarded-Proto="https" X-AppService-Proto="https" X-Forwarded-TlsVersion="1.3" X-WAWS-Unencoded-URL="/api/publish?async=true&amp;deployer=GITHUB_ONE_DEPLOY&amp;type=zip&amp;message=%7B%22type%22%3A%22deployment%22%2C%22sha%22%3A%224cd0c667ff8eb73afe393dd1d39b068fbe5cf6ce%22%2C%22repoName%22%3A%22genregod%2FValorassist%22%2C%22actor%22%3A%22genregod%22%2C%22slotName%22%3A%22production%22%2C%22commitMessage%22%3A%22Remove%20files%20containing%20secrets%20and%20update%20.gitignore%22%7D" X-Client-IP="20.49.61.51" X-Client-Port="24600" >
  <step title="OneDeploy" date="2025-07-23T03:20:11.755" >
    <step title="Starting PushDeployAsync" date="2025-07-23T03:20:11.765" /><!-- duration: 3ms -->
    <step title="Writing artifact to /tmp/zipdeploy/ed113c05-4d6d-46b0-8eb0-8c214743168d.zip" date="2025-07-23T03:20:11.783" >
      <step title="Writing multipart request body to /tmp/zipdeploy/ed113c05-4d6d-46b0-8eb0-8c214743168d.zip" date="2025-07-23T03:20:11.788" /><!-- duration: 3ms -->
    </step><!-- duration: 28ms -->
    <step title="Start deployment in the background" date="2025-07-23T03:20:11.829" >
      <step title="Acquiring Deployment Lock" date="2025-07-23T03:20:11.859" /><!-- duration: 7ms -->
      <step title="Acquired Deployment Lock" date="2025-07-23T03:20:11.903" /><!-- duration: 4ms -->
    </step><!-- duration: 189ms -->
  </step><!-- duration: 266ms -->
  <step title="Outgoing response" date="2025-07-23T03:20:12.029" type="response" statusCode="202" statusText="Accepted" /><!-- duration: 2ms -->
</step><!-- duration: 308ms -->
