<step title="Incoming Request" date="2025-07-23T05:30:03.216" instance="74b796" url="/api/deployments/latest?deployer=OneDeploy&amp;time=2025-07-23_05-29-52Z" method="GET" type="request" pid="821,1,26" Host="valor-assist-service.scm.azurewebsites.net" User-Agent="GITHUBACTIONS_DeployWebAppToAzure_cfa43e3b96d4a97bf0e607e1c865cfbe0455f81f4eb5e843a580846dbb9f8090" Authorization="Bas..." Content-Type="application/json; charset=utf-8" Cookie="ARRAffinity=74b7963c2231fc9181263c18d12b2387429a52cfc6b03fb112f3304619705892;Path=/;HttpOnly;Secure;Domain=valor-assist-service.scm.azurewebsites.net; ARRAffinitySameSite=74b7963c2231fc9181263c18d12b2387429a52cfc6b03fb112f3304619705892;Path=/;HttpOnly;SameSite=None;Secure;Domain=valor-assist-service.scm.azurewebsites.net" Content-Length="0" X-ARR-LOG-ID="3cace224-2088-42fa-8018-fad8b03d1af6" CLIENT-IP="64.236.134.35:22594" X-SITE-DEPLOYMENT-ID="valor-assist-service" WAS-DEFAULT-HOSTNAME="valor-assist-service.scm.azurewebsites.net" X-Forwarded-Proto="https" X-AppService-Proto="https" X-Forwarded-TlsVersion="1.3" X-WAWS-Unencoded-URL="/api/deployments/latest?deployer=OneDeploy&amp;time=2025-07-23_05-29-52Z" X-Client-IP="64.236.134.35" X-Client-Port="22594" >
  <step title="Cleanup Xml Logs" date="2025-07-23T05:30:03.218" >
    <step title="Cleanup Infos" date="2025-07-23T05:30:03.225" totalFiles="211" totalCleanup="51" /><!-- duration: 4ms -->
  </step><!-- duration: 17ms -->
  <step title="DeploymentService.GetResult" date="2025-07-23T05:30:03.246" >
    <step title="DeploymentService.GetLatestDeployment" date="2025-07-23T05:30:03.252" >
      <step title="DeploymentManager.GetResults" date="2025-07-23T05:30:03.253" /><!-- duration: 343ms -->
    </step><!-- duration: 346ms -->
  </step><!-- duration: 353ms -->
  <step title="Outgoing response" date="2025-07-23T05:30:03.617" type="response" statusCode="202" statusText="Accepted" /><!-- duration: 1ms -->
</step><!-- duration: 406ms -->
