<step title="Incoming Request" date="2025-07-23T04:55:33.659" instance="74b796" url="/api/publish?async=true&amp;deployer=GITHUB_ONE_DEPLOY&amp;type=zip&amp;message=%7B%22type%22%3A%22deployment%22%2C%22sha%22%3A%227d4c0e55fbd8ab89ab5a5b152162c80348499942%22%2C%22repoName%22%3A%22genregod%2FValorassist%22%2C%22actor%22%3A%22genregod%22%2C%22slotName%22%3A%22production%22%2C%22commitMessage%22%3A%22Ensure%20the%20application%20runs%20correctly%20on%20the%20Azure%20cloud%20hosting%20environment%5Cn%5CnFixes%20the%20port%20configuration%20and%20dependency%20installation%20for%20Azure%20deployment%20by%20setting%20startup%20commands%20and%20env%20variables.%5Cn%5CnReplit-Commit-Author%3A%20Agent%5CnReplit-Commit-Session-Id%3A%202c86aebc-12ea-4f8d-a4a8-23abe42802dd%5CnReplit-Commit-Screenshot-Url%3A%20https%3A%2F%2Fstorage.googleapis.com%2Fscreenshot-production-us-central1%2Fb14de2d7-2f4e-499e-b43a-6aa6fc098ed2%2F783bd6a3-afcb-4faf-b987-a78bffe5d07b.jpg%22%7D" method="POST" type="request" pid="820,1,3" Host="valor-assist-service.scm.azurewebsites.net" User-Agent="GITHUBACTIONS_DeployWebAppToAzure_cfa43e3b96d4a97bf0e607e1c865cfbe0455f81f4eb5e843a580846dbb9f8090" Authorization="Bas..." Content-Type="application/octet-stream" Cookie="ARRAffinity=74b7963c2231fc9181263c18d12b2387429a52cfc6b03fb112f3304619705892;Path=/;HttpOnly;Secure;Domain=valor-assist-service.scm.azurewebsites.net; ARRAffinitySameSite=74b7963c2231fc9181263c18d12b2387429a52cfc6b03fb112f3304619705892;Path=/;HttpOnly;SameSite=None;Secure;Domain=valor-assist-service.scm.azurewebsites.net" Transfer-Encoding="chunked" X-ARR-LOG-ID="4874ad0a-b4df-4388-b31c-762ba08837d7" CLIENT-IP="172.184.214.208:27648" X-SITE-DEPLOYMENT-ID="valor-assist-service" WAS-DEFAULT-HOSTNAME="valor-assist-service.scm.azurewebsites.net" X-Forwarded-Proto="https" X-AppService-Proto="https" X-Forwarded-TlsVersion="1.3" X-WAWS-Unencoded-URL="/api/publish?async=true&amp;deployer=GITHUB_ONE_DEPLOY&amp;type=zip&amp;message=%7B%22type%22%3A%22deployment%22%2C%22sha%22%3A%227d4c0e55fbd8ab89ab5a5b152162c80348499942%22%2C%22repoName%22%3A%22genregod%2FValorassist%22%2C%22actor%22%3A%22genregod%22%2C%22slotName%22%3A%22production%22%2C%22commitMessage%22%3A%22Ensure%20the%20application%20runs%20correctly%20on%20the%20Azure%20cloud%20hosting%20environment%5Cn%5CnFixes%20the%20port%20configuration%20and%20dependency%20installation%20for%20Azure%20deployment%20by%20setting%20startup%20commands%20and%20env%20variables.%5Cn%5CnReplit-Commit-Author%3A%20Agent%5CnReplit-Commit-Session-Id%3A%202c86aebc-12ea-4f8d-a4a8-23abe42802dd%5CnReplit-Commit-Screenshot-Url%3A%20https%3A%2F%2Fstorage.googleapis.com%2Fscreenshot-production-us-central1%2Fb14de2d7-2f4e-499e-b43a-6aa6fc098ed2%2F783bd6a3-afcb-4faf-b987-a78bffe5d07b.jpg%22%7D" X-Client-IP="172.184.214.208" X-Client-Port="27648" >
  <step title="OneDeploy" date="2025-07-23T04:55:33.691" >
    <step title="None repository commit" date="2025-07-23T04:55:33.713" >
      <step title="Commit id: 441f64a6-ae75-4983-b49c-b6679d1e7c92" date="2025-07-23T04:55:33.715" Message="N/A" AuthorName="N/A" AuthorEmail="N/A" /><!-- duration: 2ms -->
    </step><!-- duration: 6ms -->
    <step title="Starting PushDeployAsync" date="2025-07-23T04:55:33.721" /><!-- duration: 2ms -->
    <step title="Writing artifact to /tmp/zipdeploy/6f9ee779-e8b4-457a-8c56-662a02ea0a9d.zip" date="2025-07-23T04:55:33.731" >
      <step title="Writing multipart request body to /tmp/zipdeploy/6f9ee779-e8b4-457a-8c56-662a02ea0a9d.zip" date="2025-07-23T04:55:33.734" /><!-- duration: 5ms -->
    </step><!-- duration: 51ms -->
    <step title="Start deployment in the background" date="2025-07-23T04:55:33.789" >
      <step title="Acquiring Deployment Lock" date="2025-07-23T04:55:33.797" /><!-- duration: 2ms -->
      <step title="Acquired Deployment Lock" date="2025-07-23T04:55:33.823" /><!-- duration: 1ms -->
    </step><!-- duration: 102ms -->
  </step><!-- duration: 203ms -->
  <step title="Outgoing response" date="2025-07-23T04:55:33.899" type="response" statusCode="202" statusText="Accepted" /><!-- duration: 1ms -->
</step><!-- duration: 242ms -->
