<step title="Incoming Request" date="2025-07-23T05:37:13.851" instance="74b796" url="/api/publish?async=true&amp;deployer=GITHUB_ONE_DEPLOY&amp;type=zip&amp;message=%7B%22type%22%3A%22deployment%22%2C%22sha%22%3A%2237d50912c27713d5f8ef67ace1c94c4cfafb19a6%22%2C%22repoName%22%3A%22genregod%2FValorassist%22%2C%22actor%22%3A%22genregod%22%2C%22slotName%22%3A%22production%22%2C%22commitMessage%22%3A%22Merge%20remote%20changes%22%7D" method="POST" type="request" pid="821,1,35" Host="valor-assist-service.scm.azurewebsites.net" User-Agent="GITHUBACTIONS_DeployWebAppToAzure_cfa43e3b96d4a97bf0e607e1c865cfbe0455f81f4eb5e843a580846dbb9f8090" Authorization="Bas..." Content-Type="application/octet-stream" Cookie="ARRAffinity=74b7963c2231fc9181263c18d12b2387429a52cfc6b03fb112f3304619705892;Path=/;HttpOnly;Secure;Domain=valor-assist-service.scm.azurewebsites.net; ARRAffinitySameSite=74b7963c2231fc9181263c18d12b2387429a52cfc6b03fb112f3304619705892;Path=/;HttpOnly;SameSite=None;Secure;Domain=valor-assist-service.scm.azurewebsites.net" Transfer-Encoding="chunked" X-ARR-LOG-ID="128ff16e-b6ee-4a07-9e7c-d6c95c373203" CLIENT-IP="68.154.54.97:57352" X-SITE-DEPLOYMENT-ID="valor-assist-service" WAS-DEFAULT-HOSTNAME="valor-assist-service.scm.azurewebsites.net" X-Forwarded-Proto="https" X-AppService-Proto="https" X-Forwarded-TlsVersion="1.3" X-WAWS-Unencoded-URL="/api/publish?async=true&amp;deployer=GITHUB_ONE_DEPLOY&amp;type=zip&amp;message=%7B%22type%22%3A%22deployment%22%2C%22sha%22%3A%2237d50912c27713d5f8ef67ace1c94c4cfafb19a6%22%2C%22repoName%22%3A%22genregod%2FValorassist%22%2C%22actor%22%3A%22genregod%22%2C%22slotName%22%3A%22production%22%2C%22commitMessage%22%3A%22Merge%20remote%20changes%22%7D" X-Client-IP="68.154.54.97" X-Client-Port="57352" >
  <step title="Cleanup Xml Logs" date="2025-07-23T05:37:13.858" >
    <step title="Cleanup Infos" date="2025-07-23T05:37:13.864" totalFiles="218" totalCleanup="58" /><!-- duration: 19ms -->
  </step><!-- duration: 26ms -->
  <step title="OneDeploy" date="2025-07-23T05:37:13.892" >
    <step title="Starting PushDeployAsync" date="2025-07-23T05:37:13.898" /><!-- duration: 1ms -->
    <step title="Writing artifact to /tmp/zipdeploy/2a95dd59-cf1a-4ed8-a814-71bc24a683f6.zip" date="2025-07-23T05:37:13.904" >
      <step title="Writing multipart request body to /tmp/zipdeploy/2a95dd59-cf1a-4ed8-a814-71bc24a683f6.zip" date="2025-07-23T05:37:13.906" /><!-- duration: 1ms -->
    </step><!-- duration: 806ms -->
    <step title="Start deployment in the background" date="2025-07-23T05:37:14.718" >
      <step title="Acquiring Deployment Lock" date="2025-07-23T05:37:14.729" /><!-- duration: 2ms -->
      <step title="Acquired Deployment Lock" date="2025-07-23T05:37:14.757" /><!-- duration: 2ms -->
    </step><!-- duration: 226ms -->
  </step><!-- duration: 1054ms -->
  <step title="Outgoing response" date="2025-07-23T05:37:14.948" type="response" statusCode="202" statusText="Accepted" /><!-- duration: 2ms -->
</step><!-- duration: 1102ms -->
