﻿<?xml version="1.0" encoding="utf-8"?>
<deployment>
  <id>6c230410-ce4d-41b8-a238-78ff63b6b0a1</id>
  <author>N/A</author>
  <deployer>OneDeploy</deployer>
  <authorEmail>N/A</authorEmail>
  <message>OneDeploy</message>
  <progress></progress>
  <status>Success</status>
  <statusText></statusText>
  <lastSuccessEndTime>2025-07-23T06:57:06.3966782Z</lastSuccessEndTime>
  <receivedTime>2025-07-23T06:55:34.7419077Z</receivedTime>
  <startTime>2025-07-23T06:55:36.0363172Z</startTime>
  <endTime>2025-07-23T06:57:06.3966782Z</endTime>
  <complete>True</complete>
  <is_temp>False</is_temp>
  <is_readonly>True</is_readonly>
  <buildSummary />
</deployment>