﻿<?xml version="1.0" encoding="utf-8"?>
<deployment>
  <id>8a848526-689f-44af-aabb-d67768f6a4cf</id>
  <author>N/A</author>
  <deployer>OneDeploy</deployer>
  <authorEmail>N/A</authorEmail>
  <message>OneDeploy</message>
  <progress></progress>
  <status>Success</status>
  <statusText></statusText>
  <lastSuccessEndTime>2025-07-23T03:20:20.0714082Z</lastSuccessEndTime>
  <receivedTime>2025-07-23T03:20:15.4286597Z</receivedTime>
  <startTime>2025-07-23T03:20:16.7048153Z</startTime>
  <endTime>2025-07-23T03:20:20.0714082Z</endTime>
  <complete>True</complete>
  <is_temp>False</is_temp>
  <is_readonly>True</is_readonly>
  <buildSummary />
</deployment>