﻿<?xml version="1.0" encoding="utf-8"?>
<deployment>
  <id>8f7c36d5-bce8-432d-9e81-c192d5fc97c7</id>
  <author>N/A</author>
  <deployer>OneDeploy</deployer>
  <authorEmail>N/A</authorEmail>
  <message>OneDeploy</message>
  <progress></progress>
  <status>Success</status>
  <statusText></statusText>
  <lastSuccessEndTime>2025-07-23T04:21:25.8145022Z</lastSuccessEndTime>
  <receivedTime>2025-07-23T04:21:22.4344633Z</receivedTime>
  <startTime>2025-07-23T04:21:23.7070172Z</startTime>
  <endTime>2025-07-23T04:21:25.8145022Z</endTime>
  <complete>True</complete>
  <is_temp>False</is_temp>
  <is_readonly>True</is_readonly>
  <buildSummary />
</deployment>